inventory_id,product_id,warehouse_id,quantity_on_hand,quantity_in_transit,last_updated
INV000001,P001,WH02,375,42,2026-09-28
INV000002,P001,WH03,207,145,2026-09-26
INV000003,P001,WH04,86,167,2026-09-27
INV000004,P001,WH09,472,82,2026-09-27
INV000005,P001,WH11,560,246,2026-09-24
INV000006,P001,WH13,224,174,2026-09-27
INV000007,P001,WH14,495,206,2026-09-27
INV000008,P001,WH15,302,42,2026-09-24
INV000009,P002,WH01,98,7,2026-09-25
INV000010,P002,WH02,216,21,2026-09-26
INV000011,P002,WH03,429,181,2026-09-27
INV000012,P002,WH04,627,136,2026-09-25
INV000013,P002,WH05,308,8,2026-09-26
INV000014,P002,WH07,24,9,2026-09-27
INV000015,P002,WH08,14,226,2026-09-26
INV000016,P002,WH09,571,34,2026-09-24
INV000017,P002,WH10,564,180,2026-09-24
INV000018,P002,WH12,610,116,2026-09-27
INV000019,P002,WH13,343,46,2026-09-26
INV000020,P002,WH14,483,250,2026-09-26
INV000021,P002,WH15,164,58,2026-09-28
INV000022,P003,WH01,301,289,2026-09-26
INV000023,P003,WH02,647,41,2026-09-26
INV000024,P003,WH03,545,120,2026-09-24
INV000025,P003,WH05,634,186,2026-09-27
INV000026,P003,WH06,43,142,2026-09-26
INV000027,P003,WH07,1074,272,2026-09-25
INV000028,P003,WH08,970,39,2026-09-25
INV000029,P003,WH09,885,82,2026-09-24
INV000030,P003,WH11,515,294,2026-09-26
INV000031,P003,WH13,418,85,2026-09-27
INV000032,P003,WH15,570,147,2026-09-26
INV000033,P004,WH03,709,229,2026-09-26
INV000034,P004,WH05,93,256,2026-09-26
INV000035,P004,WH08,757,134,2026-09-26
INV000036,P004,WH09,794,5,2026-09-26
INV000037,P004,WH13,256,107,2026-09-24
INV000038,P004,WH14,180,287,2026-09-28
INV000039,P005,WH03,25,221,2026-09-24
INV000040,P005,WH05,1346,230,2026-09-25
INV000041,P005,WH08,158,146,2026-09-28
INV000042,P005,WH09,727,19,2026-09-27
INV000043,P005,WH10,1444,284,2026-09-28
INV000044,P005,WH12,535,23,2026-09-26
INV000045,P005,WH15,130,120,2026-09-27
INV000046,P006,WH01,496,241,2026-09-24
INV000047,P006,WH02,1601,96,2026-09-26
INV000048,P006,WH03,1132,293,2026-09-25
INV000049,P006,WH04,1145,36,2026-09-24
INV000050,P006,WH05,794,175,2026-09-25
INV000051,P006,WH06,1206,72,2026-09-25
INV000052,P006,WH09,919,42,2026-09-25
INV000053,P006,WH10,877,85,2026-09-28
INV000054,P006,WH11,96,224,2026-09-27
INV000055,P006,WH12,903,14,2026-09-27
INV000056,P006,WH14,1483,1,2026-09-27
INV000057,P007,WH01,146,108,2026-09-27
INV000058,P007,WH03,1136,267,2026-09-26
INV000059,P007,WH05,1388,26,2026-09-25
INV000060,P007,WH06,558,189,2026-09-25
INV000061,P007,WH07,240,213,2026-09-25
INV000062,P007,WH12,151,234,2026-09-25
INV000063,P007,WH13,518,287,2026-09-26
INV000064,P007,WH14,659,62,2026-09-27
INV000065,P007,WH15,75,230,2026-09-26
INV000066,P008,WH03,1176,141,2026-09-24
INV000067,P008,WH04,1213,182,2026-09-27
INV000068,P008,WH05,1166,221,2026-09-27
INV000069,P008,WH06,707,213,2026-09-28
INV000070,P008,WH08,658,17,2026-09-28
INV000071,P008,WH09,478,250,2026-09-28
INV000072,P008,WH10,603,5,2026-09-28
INV000073,P008,WH11,882,121,2026-09-26
INV000074,P008,WH12,17,139,2026-09-24
INV000075,P008,WH13,1212,93,2026-09-25
INV000076,P008,WH15,1747,37,2026-09-28
INV000077,P009,WH03,126,5,2026-09-27
INV000078,P009,WH05,165,111,2026-09-28
INV000079,P009,WH06,307,292,2026-09-24
INV000080,P009,WH07,426,234,2026-09-25
INV000081,P009,WH08,189,90,2026-09-28
INV000082,P009,WH09,117,145,2026-09-25
INV000083,P009,WH10,27,287,2026-09-24
INV000084,P009,WH13,457,22,2026-09-27
INV000085,P009,WH14,93,42,2026-09-25
INV000086,P010,WH01,246,243,2026-09-25
INV000087,P010,WH02,1132,77,2026-09-27
INV000088,P010,WH04,789,267,2026-09-25
INV000089,P010,WH05,247,2,2026-09-25
INV000090,P010,WH06,225,287,2026-09-26
INV000091,P010,WH07,841,203,2026-09-28
INV000092,P010,WH08,1355,137,2026-09-26
INV000093,P010,WH09,73,49,2026-09-26
INV000094,P010,WH10,83,253,2026-09-24
INV000095,P010,WH13,1613,59,2026-09-24
INV000096,P011,WH02,194,131,2026-09-26
INV000097,P011,WH03,466,294,2026-09-28
INV000098,P011,WH08,732,227,2026-09-28
INV000099,P011,WH09,538,74,2026-09-25
INV000100,P011,WH11,423,231,2026-09-26
INV000101,P011,WH12,6,107,2026-09-24
INV000102,P011,WH13,475,66,2026-09-27
INV000103,P012,WH01,301,8,2026-09-26
INV000104,P012,WH03,202,119,2026-09-24
INV000105,P012,WH05,534,111,2026-09-27
INV000106,P012,WH09,250,236,2026-09-27
INV000107,P012,WH10,251,196,2026-09-27
INV000108,P012,WH11,645,30,2026-09-26
INV000109,P012,WH12,27,10,2026-09-28
INV000110,P012,WH14,667,174,2026-09-26
INV000111,P012,WH15,362,227,2026-09-27
INV000112,P013,WH01,388,283,2026-09-24
INV000113,P013,WH02,339,142,2026-09-26
INV000114,P013,WH03,257,55,2026-09-27
INV000115,P013,WH05,30,20,2026-09-24
INV000116,P013,WH06,178,243,2026-09-24
INV000117,P013,WH07,301,231,2026-09-25
INV000118,P013,WH08,381,161,2026-09-27
INV000119,P013,WH09,16,38,2026-09-25
INV000120,P013,WH10,181,156,2026-09-28
INV000121,P013,WH12,132,91,2026-09-27
INV000122,P013,WH13,317,290,2026-09-27
INV000123,P014,WH02,256,97,2026-09-25
INV000124,P014,WH04,314,270,2026-09-24
INV000125,P014,WH07,500,198,2026-09-28
INV000126,P014,WH08,601,50,2026-09-25
INV000127,P014,WH09,807,12,2026-09-27
INV000128,P014,WH10,251,214,2026-09-25
INV000129,P014,WH11,435,152,2026-09-27
INV000130,P015,WH01,1740,208,2026-09-25
INV000131,P015,WH03,1525,58,2026-09-27
INV000132,P015,WH04,1849,256,2026-09-25
INV000133,P015,WH06,1790,148,2026-09-27
INV000134,P015,WH07,1485,220,2026-09-27
INV000135,P015,WH08,1585,3,2026-09-25
INV000136,P015,WH10,444,211,2026-09-24
INV000137,P015,WH11,1827,15,2026-09-26
INV000138,P015,WH14,1512,165,2026-09-27
INV000139,P015,WH15,1635,47,2026-09-27
INV000140,P016,WH01,1296,201,2026-09-25
INV000141,P016,WH02,929,171,2026-09-24
INV000142,P016,WH04,1002,15,2026-09-26
INV000143,P016,WH05,456,105,2026-09-25
INV000144,P016,WH06,1089,121,2026-09-28
INV000145,P016,WH08,643,205,2026-09-27
INV000146,P016,WH09,556,283,2026-09-25
INV000147,P016,WH11,296,125,2026-09-25
INV000148,P016,WH12,413,82,2026-09-26
INV000149,P016,WH14,771,53,2026-09-24
INV000150,P016,WH15,600,221,2026-09-25
INV000151,P017,WH01,462,119,2026-09-27
INV000152,P017,WH02,644,80,2026-09-27
INV000153,P017,WH05,102,22,2026-09-24
INV000154,P017,WH06,122,179,2026-09-25
INV000155,P017,WH07,356,4,2026-09-24
INV000156,P017,WH08,902,211,2026-09-25
INV000157,P017,WH09,361,179,2026-09-24
INV000158,P017,WH11,206,283,2026-09-25
INV000159,P017,WH13,784,210,2026-09-25
INV000160,P017,WH14,20,174,2026-09-27
INV000161,P017,WH15,1278,119,2026-09-24
INV000162,P018,WH01,1307,293,2026-09-28
INV000163,P018,WH02,843,27,2026-09-25
INV000164,P018,WH04,503,130,2026-09-25
INV000165,P018,WH05,1146,183,2026-09-25
INV000166,P018,WH06,1388,27,2026-09-28
INV000167,P018,WH09,483,64,2026-09-27
INV000168,P018,WH10,121,137,2026-09-25
INV000169,P018,WH11,1308,24,2026-09-24
INV000170,P019,WH01,58,185,2026-09-25
INV000171,P019,WH03,20,111,2026-09-24
INV000172,P019,WH04,157,80,2026-09-27
INV000173,P019,WH08,184,74,2026-09-25
INV000174,P019,WH09,129,194,2026-09-24
INV000175,P019,WH10,241,87,2026-09-26
INV000176,P019,WH11,88,150,2026-09-28
INV000177,P019,WH12,271,31,2026-09-25
INV000178,P019,WH13,191,78,2026-09-28
INV000179,P019,WH14,20,55,2026-09-25
INV000180,P020,WH03,461,92,2026-09-27
INV000181,P020,WH04,855,107,2026-09-27
INV000182,P020,WH07,1459,285,2026-09-27
INV000183,P020,WH08,807,282,2026-09-24
INV000184,P020,WH09,627,166,2026-09-26
INV000185,P020,WH10,1371,203,2026-09-24
INV000186,P020,WH13,975,48,2026-09-25
INV000187,P020,WH14,1108,68,2026-09-28
INV000188,P020,WH15,3,215,2026-09-25
INV000189,P021,WH01,321,25,2026-09-28
INV000190,P021,WH02,1775,72,2026-09-27
INV000191,P021,WH03,443,155,2026-09-25
INV000192,P021,WH04,115,117,2026-09-27
INV000193,P021,WH05,1912,184,2026-09-26
INV000194,P021,WH06,854,162,2026-09-25
INV000195,P021,WH08,996,123,2026-09-24
INV000196,P021,WH09,1061,34,2026-09-25
INV000197,P021,WH10,671,42,2026-09-25
INV000198,P021,WH11,780,268,2026-09-27
INV000199,P021,WH12,835,5,2026-09-25
INV000200,P021,WH13,944,168,2026-09-25
INV000201,P021,WH15,19,217,2026-09-26
INV000202,P022,WH04,547,237,2026-09-26
INV000203,P022,WH05,1402,264,2026-09-26
INV000204,P022,WH06,636,241,2026-09-24
INV000205,P022,WH07,109,263,2026-09-27
INV000206,P022,WH08,1587,19,2026-09-25
INV000207,P022,WH09,615,241,2026-09-26
INV000208,P022,WH11,526,66,2026-09-27
INV000209,P022,WH12,112,110,2026-09-26
INV000210,P023,WH01,313,198,2026-09-26
INV000211,P023,WH02,1158,231,2026-09-26
INV000212,P023,WH03,1103,175,2026-09-25
INV000213,P023,WH06,202,201,2026-09-25
INV000214,P023,WH08,280,267,2026-09-25
INV000215,P023,WH11,941,266,2026-09-26
INV000216,P023,WH12,225,142,2026-09-25
INV000217,P023,WH13,291,94,2026-09-27
INV000218,P023,WH14,611,272,2026-09-26
INV000219,P023,WH15,110,208,2026-09-27
INV000220,P024,WH04,354,79,2026-09-24
INV000221,P024,WH05,166,80,2026-09-28
INV000222,P024,WH07,305,79,2026-09-25
INV000223,P024,WH11,45,209,2026-09-27
INV000224,P024,WH12,15,77,2026-09-28
INV000225,P024,WH14,285,11,2026-09-25
INV000226,P024,WH15,460,266,2026-09-27
INV000227,P025,WH05,787,20,2026-09-28
INV000228,P025,WH07,1021,241,2026-09-24
INV000229,P025,WH09,55,123,2026-09-28
INV000230,P025,WH10,491,235,2026-09-26
INV000231,P025,WH11,893,69,2026-09-28
INV000232,P025,WH13,1040,11,2026-09-24
INV000233,P025,WH14,769,187,2026-09-24
INV000234,P025,WH15,792,297,2026-09-25
INV000235,P026,WH01,682,116,2026-09-27
INV000236,P026,WH02,895,278,2026-09-27
INV000237,P026,WH03,204,298,2026-09-24
INV000238,P026,WH04,776,214,2026-09-26
INV000239,P026,WH05,438,202,2026-09-25
INV000240,P026,WH06,908,50,2026-09-26
INV000241,P026,WH09,265,46,2026-09-25
INV000242,P026,WH10,173,211,2026-09-26
INV000243,P026,WH13,18,233,2026-09-25
INV000244,P027,WH03,147,120,2026-09-28
INV000245,P027,WH04,83,276,2026-09-26
INV000246,P027,WH05,107,15,2026-09-28
INV000247,P027,WH06,25,182,2026-09-24
INV000248,P027,WH09,261,265,2026-09-28
INV000249,P027,WH11,242,299,2026-09-28
INV000250,P027,WH13,294,139,2026-09-24
INV000251,P027,WH14,101,20,2026-09-24
INV000252,P028,WH03,415,21,2026-09-27
INV000253,P028,WH04,505,80,2026-09-28
INV000254,P028,WH05,158,291,2026-09-25
INV000255,P028,WH07,299,239,2026-09-27
INV000256,P028,WH08,250,38,2026-09-27
INV000257,P028,WH09,726,18,2026-09-27
INV000258,P028,WH11,369,259,2026-09-28
INV000259,P028,WH12,522,90,2026-09-26
INV000260,P028,WH14,625,151,2026-09-28
INV000261,P028,WH15,294,146,2026-09-28
INV000262,P029,WH01,492,246,2026-09-28
INV000263,P029,WH02,736,217,2026-09-26
INV000264,P029,WH06,864,252,2026-09-24
INV000265,P029,WH08,313,146,2026-09-25
INV000266,P029,WH09,776,251,2026-09-27
INV000267,P029,WH11,527,136,2026-09-25
INV000268,P029,WH12,315,285,2026-09-28
INV000269,P029,WH13,931,146,2026-09-25
INV000270,P029,WH14,888,111,2026-09-25
INV000271,P029,WH15,917,55,2026-09-27
INV000272,P030,WH01,245,247,2026-09-27
INV000273,P030,WH04,192,112,2026-09-25
INV000274,P030,WH05,117,167,2026-09-24
INV000275,P030,WH07,904,66,2026-09-27
INV000276,P030,WH09,354,0,2026-09-24
INV000277,P030,WH11,1009,45,2026-09-26
INV000278,P030,WH12,126,145,2026-09-24
INV000279,P030,WH13,392,62,2026-09-27
INV000280,P030,WH15,627,228,2026-09-28
INV000281,P031,WH01,570,179,2026-09-24
INV000282,P031,WH03,1098,51,2026-09-28
INV000283,P031,WH04,451,153,2026-09-25
INV000284,P031,WH06,665,15,2026-09-28
INV000285,P031,WH07,581,251,2026-09-28
INV000286,P031,WH08,596,71,2026-09-28
INV000287,P031,WH10,807,84,2026-09-28
INV000288,P031,WH11,1063,117,2026-09-25
INV000289,P031,WH12,1025,71,2026-09-25
INV000290,P031,WH13,1233,116,2026-09-28
INV000291,P031,WH14,1097,157,2026-09-25
INV000292,P031,WH15,458,9,2026-09-24
INV000293,P032,WH03,285,203,2026-09-27
INV000294,P032,WH08,131,289,2026-09-28
INV000295,P032,WH11,462,93,2026-09-27
INV000296,P032,WH12,207,78,2026-09-27
INV000297,P032,WH15,174,278,2026-09-28
INV000298,P033,WH01,180,178,2026-09-28
INV000299,P033,WH03,556,73,2026-09-26
INV000300,P033,WH07,1003,245,2026-09-25
INV000301,P033,WH08,7,63,2026-09-25
INV000302,P033,WH09,446,265,2026-09-24
INV000303,P033,WH11,767,81,2026-09-28
INV000304,P033,WH12,379,128,2026-09-24
INV000305,P033,WH13,815,159,2026-09-27
INV000306,P033,WH14,332,178,2026-09-26
INV000307,P033,WH15,129,164,2026-09-24
INV000308,P034,WH01,1205,197,2026-09-24
INV000309,P034,WH03,1080,269,2026-09-27
INV000310,P034,WH04,17,247,2026-09-24
INV000311,P034,WH05,948,139,2026-09-28
INV000312,P034,WH07,110,178,2026-09-25
INV000313,P034,WH08,1083,159,2026-09-28
INV000314,P034,WH09,934,88,2026-09-24
INV000315,P034,WH12,1595,129,2026-09-27
INV000316,P034,WH13,86,207,2026-09-26
INV000317,P034,WH14,1009,75,2026-09-26
INV000318,P034,WH15,1354,246,2026-09-26
INV000319,P035,WH01,135,241,2026-09-27
INV000320,P035,WH02,31,140,2026-09-26
INV000321,P035,WH04,142,242,2026-09-24
INV000322,P035,WH05,172,90,2026-09-24
INV000323,P035,WH06,350,205,2026-09-26
INV000324,P035,WH07,178,122,2026-09-28
INV000325,P035,WH10,268,20,2026-09-26
INV000326,P035,WH11,229,281,2026-09-25
INV000327,P035,WH12,132,165,2026-09-26
INV000328,P035,WH15,140,76,2026-09-28
INV000329,P036,WH01,314,202,2026-09-25
INV000330,P036,WH02,300,54,2026-09-28
INV000331,P036,WH04,318,50,2026-09-24
INV000332,P036,WH05,175,150,2026-09-25
INV000333,P036,WH07,673,280,2026-09-24
INV000334,P036,WH08,478,120,2026-09-25
INV000335,P036,WH09,514,128,2026-09-25
INV000336,P036,WH11,633,162,2026-09-24
INV000337,P036,WH12,288,274,2026-09-27
INV000338,P036,WH14,390,92,2026-09-26
INV000339,P036,WH15,29,81,2026-09-28
INV000340,P037,WH03,231,103,2026-09-25
INV000341,P037,WH06,248,79,2026-09-24
INV000342,P037,WH07,191,197,2026-09-25
INV000343,P037,WH08,297,54,2026-09-25
INV000344,P037,WH09,97,163,2026-09-26
INV000345,P037,WH10,54,125,2026-09-25
INV000346,P037,WH12,124,30,2026-09-28
INV000347,P037,WH14,51,70,2026-09-28
INV000348,P038,WH02,457,260,2026-09-24
INV000349,P038,WH03,99,11,2026-09-26
INV000350,P038,WH04,56,174,2026-09-28
INV000351,P038,WH06,79,176,2026-09-27
INV000352,P038,WH08,543,212,2026-09-27
INV000353,P038,WH10,1085,15,2026-09-26
INV000354,P038,WH13,446,245,2026-09-24
INV000355,P038,WH14,888,101,2026-09-24
INV000356,P038,WH15,416,225,2026-09-28
INV000357,P039,WH01,653,100,2026-09-27
INV000358,P039,WH02,238,171,2026-09-24
INV000359,P039,WH04,220,80,2026-09-27
INV000360,P039,WH05,1004,17,2026-09-28
INV000361,P039,WH06,1030,58,2026-09-25
INV000362,P039,WH07,1309,268,2026-09-27
INV000363,P039,WH08,607,72,2026-09-25
INV000364,P039,WH12,230,221,2026-09-27
INV000365,P039,WH14,120,297,2026-09-28
INV000366,P040,WH04,1000,86,2026-09-26
INV000367,P040,WH05,474,128,2026-09-27
INV000368,P040,WH06,982,60,2026-09-24
INV000369,P040,WH09,900,4,2026-09-24
INV000370,P040,WH10,1027,297,2026-09-27
INV000371,P040,WH11,883,75,2026-09-24
INV000372,P040,WH12,145,293,2026-09-25
INV000373,P040,WH14,781,178,2026-09-25
INV000374,P041,WH01,166,82,2026-09-25
INV000375,P041,WH02,268,69,2026-09-25
INV000376,P041,WH04,23,39,2026-09-25
INV000377,P041,WH06,284,102,2026-09-26
INV000378,P041,WH08,180,4,2026-09-28
INV000379,P041,WH09,10,189,2026-09-26
INV000380,P041,WH10,67,88,2026-09-25
INV000381,P041,WH12,345,173,2026-09-26
INV000382,P041,WH13,26,26,2026-09-25
INV000383,P041,WH14,355,121,2026-09-28
INV000384,P042,WH01,764,209,2026-09-24
INV000385,P042,WH06,1,81,2026-09-27
INV000386,P042,WH08,863,4,2026-09-25
INV000387,P042,WH09,967,166,2026-09-27
INV000388,P042,WH10,137,249,2026-09-24
INV000389,P042,WH11,150,120,2026-09-25
INV000390,P042,WH13,0,213,2026-09-27
INV000391,P042,WH14,18,162,2026-09-24
INV000392,P043,WH01,222,25,2026-09-26
INV000393,P043,WH02,262,116,2026-09-27
INV000394,P043,WH03,136,28,2026-09-28
INV000395,P043,WH05,230,262,2026-09-24
INV000396,P043,WH06,351,98,2026-09-27
INV000397,P043,WH07,290,204,2026-09-27
INV000398,P043,WH08,273,38,2026-09-26
INV000399,P043,WH13,315,185,2026-09-28
INV000400,P043,WH14,123,132,2026-09-25
INV000401,P044,WH01,236,289,2026-09-28
INV000402,P044,WH02,1105,162,2026-09-28
INV000403,P044,WH03,199,175,2026-09-26
INV000404,P044,WH04,1203,246,2026-09-28
INV000405,P044,WH05,1301,75,2026-09-27
INV000406,P044,WH06,1694,242,2026-09-26
INV000407,P044,WH08,1209,139,2026-09-28
INV000408,P044,WH10,676,273,2026-09-28
INV000409,P044,WH11,107,229,2026-09-25
INV000410,P044,WH12,1275,118,2026-09-25
INV000411,P044,WH13,778,280,2026-09-27
INV000412,P044,WH14,1103,290,2026-09-27
INV000413,P044,WH15,640,151,2026-09-28
INV000414,P045,WH03,628,120,2026-09-28
INV000415,P045,WH05,686,197,2026-09-26
INV000416,P045,WH06,108,244,2026-09-24
INV000417,P045,WH07,1691,45,2026-09-26
INV000418,P045,WH08,1031,120,2026-09-27
INV000419,P045,WH09,694,48,2026-09-25
INV000420,P045,WH10,103,165,2026-09-26
INV000421,P045,WH12,612,240,2026-09-26
INV000422,P045,WH13,1002,272,2026-09-27
INV000423,P045,WH14,254,45,2026-09-26
INV000424,P045,WH15,142,281,2026-09-25
INV000425,P046,WH01,1387,24,2026-09-26
INV000426,P046,WH02,1387,235,2026-09-27
INV000427,P046,WH04,1465,291,2026-09-28
INV000428,P046,WH06,679,154,2026-09-26
INV000429,P046,WH09,1356,285,2026-09-28
INV000430,P046,WH11,1364,84,2026-09-28
INV000431,P046,WH12,1078,114,2026-09-28
INV000432,P046,WH13,1511,114,2026-09-27
INV000433,P046,WH14,81,246,2026-09-24
INV000434,P046,WH15,591,239,2026-09-26
INV000435,P047,WH02,1317,179,2026-09-26
INV000436,P047,WH04,1016,66,2026-09-25
INV000437,P047,WH05,310,17,2026-09-25
INV000438,P047,WH07,380,199,2026-09-28
INV000439,P047,WH08,274,55,2026-09-27
INV000440,P047,WH09,85,119,2026-09-26
INV000441,P047,WH10,643,251,2026-09-28
INV000442,P047,WH11,104,21,2026-09-26
INV000443,P047,WH12,1475,167,2026-09-24
INV000444,P047,WH13,164,13,2026-09-28
INV000445,P047,WH14,1084,13,2026-09-24
INV000446,P048,WH01,118,50,2026-09-28
INV000447,P048,WH02,793,73,2026-09-27
INV000448,P048,WH06,584,166,2026-09-28
INV000449,P048,WH07,1025,192,2026-09-26
INV000450,P048,WH08,635,7,2026-09-27
INV000451,P048,WH09,150,287,2026-09-26
INV000452,P048,WH11,601,71,2026-09-28
INV000453,P048,WH12,1220,203,2026-09-26
INV000454,P048,WH13,1411,21,2026-09-27
INV000455,P048,WH14,1197,297,2026-09-27
INV000456,P049,WH02,210,122,2026-09-24
INV000457,P049,WH03,421,100,2026-09-25
INV000458,P049,WH04,305,249,2026-09-24
INV000459,P049,WH06,365,41,2026-09-26
INV000460,P049,WH07,212,155,2026-09-24
INV000461,P049,WH08,356,118,2026-09-28
INV000462,P049,WH09,500,263,2026-09-24
INV000463,P049,WH11,187,200,2026-09-26
INV000464,P049,WH12,188,178,2026-09-26
INV000465,P049,WH13,248,166,2026-09-26
INV000466,P049,WH14,391,7,2026-09-27
INV000467,P050,WH01,218,208,2026-09-26
INV000468,P050,WH04,408,39,2026-09-27
INV000469,P050,WH05,501,154,2026-09-27
INV000470,P050,WH06,415,85,2026-09-25
INV000471,P050,WH07,489,282,2026-09-28
INV000472,P050,WH08,76,187,2026-09-26
INV000473,P050,WH09,436,268,2026-09-28
INV000474,P050,WH10,721,173,2026-09-24
INV000475,P050,WH11,678,128,2026-09-25
INV000476,P050,WH13,151,80,2026-09-28
INV000477,P050,WH14,256,166,2026-09-26
INV000478,P050,WH15,515,24,2026-09-28
INV000479,P051,WH01,580,64,2026-09-27
INV000480,P051,WH02,909,4,2026-09-25
INV000481,P051,WH06,172,265,2026-09-26
INV000482,P051,WH07,742,203,2026-09-24
INV000483,P051,WH10,985,14,2026-09-27
INV000484,P051,WH12,247,41,2026-09-24
INV000485,P051,WH13,755,71,2026-09-25
INV000486,P051,WH15,459,62,2026-09-24
INV000487,P052,WH01,1862,91,2026-09-25
INV000488,P052,WH05,260,201,2026-09-25
INV000489,P052,WH06,412,151,2026-09-27
INV000490,P052,WH07,1285,223,2026-09-27
INV000491,P052,WH08,536,59,2026-09-25
INV000492,P052,WH10,1496,269,2026-09-24
INV000493,P052,WH11,1905,113,2026-09-27
INV000494,P052,WH12,968,32,2026-09-27
INV000495,P052,WH13,1611,262,2026-09-27
INV000496,P053,WH02,994,283,2026-09-25
INV000497,P053,WH03,720,193,2026-09-26
INV000498,P053,WH04,449,240,2026-09-24
INV000499,P053,WH05,1371,98,2026-09-25
INV000500,P053,WH09,1236,39,2026-09-25
INV000501,P053,WH12,1257,50,2026-09-28
INV000502,P053,WH14,1222,115,2026-09-28
INV000503,P054,WH01,200,216,2026-09-26
INV000504,P054,WH02,487,248,2026-09-24
INV000505,P054,WH04,887,201,2026-09-25
INV000506,P054,WH05,929,217,2026-09-28
INV000507,P054,WH06,937,14,2026-09-24
INV000508,P054,WH08,286,74,2026-09-24
INV000509,P054,WH09,820,117,2026-09-28
INV000510,P054,WH10,575,292,2026-09-27
INV000511,P054,WH11,363,156,2026-09-26
INV000512,P054,WH13,536,41,2026-09-24
INV000513,P054,WH14,77,198,2026-09-26
INV000514,P054,WH15,446,235,2026-09-28
INV000515,P055,WH02,415,137,2026-09-27
INV000516,P055,WH04,318,178,2026-09-24
INV000517,P055,WH05,913,103,2026-09-28
INV000518,P055,WH06,415,65,2026-09-28
INV000519,P055,WH10,119,20,2026-09-25
INV000520,P055,WH12,118,153,2026-09-27
INV000521,P055,WH13,616,215,2026-09-28
INV000522,P055,WH14,986,69,2026-09-28
INV000523,P055,WH15,38,117,2026-09-24
INV000524,P056,WH01,142,202,2026-09-26
INV000525,P056,WH04,248,138,2026-09-24
INV000526,P056,WH05,315,226,2026-09-27
INV000527,P056,WH06,317,257,2026-09-28
INV000528,P056,WH08,2,121,2026-09-27
INV000529,P056,WH10,264,0,2026-09-27
INV000530,P056,WH11,74,20,2026-09-28
INV000531,P056,WH12,93,125,2026-09-27
INV000532,P056,WH15,105,32,2026-09-24
INV000533,P057,WH01,451,89,2026-09-27
INV000534,P057,WH02,1188,36,2026-09-25
INV000535,P057,WH03,107,272,2026-09-28
INV000536,P057,WH05,118,286,2026-09-27
INV000537,P057,WH07,1295,3,2026-09-26
INV000538,P057,WH13,431,86,2026-09-27
INV000539,P057,WH14,826,47,2026-09-25
INV000540,P057,WH15,470,151,2026-09-25
INV000541,P058,WH02,153,164,2026-09-28
INV000542,P058,WH03,408,11,2026-09-27
INV000543,P058,WH06,42,53,2026-09-27
INV000544,P058,WH08,753,32,2026-09-24
INV000545,P058,WH09,765,102,2026-09-25
INV000546,P058,WH10,144,281,2026-09-24
INV000547,P058,WH12,798,20,2026-09-27
INV000548,P058,WH13,627,106,2026-09-28
INV000549,P058,WH14,804,114,2026-09-28
INV000550,P058,WH15,234,89,2026-09-25
INV000551,P059,WH01,429,108,2026-09-24
INV000552,P059,WH02,289,240,2026-09-28
INV000553,P059,WH03,545,102,2026-09-25
INV000554,P059,WH04,426,94,2026-09-28
INV000555,P059,WH05,148,116,2026-09-28
INV000556,P059,WH06,184,26,2026-09-24
INV000557,P059,WH07,298,36,2026-09-27
INV000558,P059,WH09,596,61,2026-09-25
INV000559,P059,WH10,546,166,2026-09-26
INV000560,P059,WH11,102,274,2026-09-27
INV000561,P059,WH12,469,101,2026-09-24
INV000562,P059,WH14,543,14,2026-09-27
INV000563,P059,WH15,140,223,2026-09-24
INV000564,P060,WH01,164,288,2026-09-26
INV000565,P060,WH02,168,272,2026-09-26
INV000566,P060,WH05,208,254,2026-09-27
INV000567,P060,WH08,355,241,2026-09-24
INV000568,P060,WH09,24,120,2026-09-25
INV000569,P060,WH10,359,107,2026-09-25
INV000570,P060,WH11,359,163,2026-09-27
INV000571,P060,WH12,359,144,2026-09-27
INV000572,P061,WH01,315,269,2026-09-26
INV000573,P061,WH03,297,37,2026-09-27
INV000574,P061,WH04,26,293,2026-09-27
INV000575,P061,WH07,101,218,2026-09-25
INV000576,P061,WH11,227,194,2026-09-28
INV000577,P061,WH13,218,244,2026-09-26
INV000578,P061,WH14,314,256,2026-09-27
INV000579,P062,WH01,862,254,2026-09-28
INV000580,P062,WH02,183,211,2026-09-26
INV000581,P062,WH03,218,63,2026-09-28
INV000582,P062,WH04,621,257,2026-09-25
INV000583,P062,WH05,1057,215,2026-09-24
INV000584,P062,WH06,287,15,2026-09-25
INV000585,P062,WH07,336,159,2026-09-26
INV000586,P062,WH08,184,113,2026-09-25
INV000587,P062,WH13,213,200,2026-09-25
INV000588,P062,WH14,543,158,2026-09-27
INV000589,P062,WH15,219,241,2026-09-28
INV000590,P063,WH01,501,197,2026-09-26
INV000591,P063,WH02,641,104,2026-09-24
INV000592,P063,WH04,377,221,2026-09-28
INV000593,P063,WH05,386,276,2026-09-28
INV000594,P063,WH06,851,145,2026-09-28
INV000595,P063,WH08,706,70,2026-09-26
INV000596,P063,WH09,86,31,2026-09-24
INV000597,P063,WH10,224,151,2026-09-25
INV000598,P063,WH11,663,35,2026-09-28
INV000599,P063,WH12,959,35,2026-09-28
INV000600,P063,WH13,970,78,2026-09-26
INV000601,P063,WH14,516,173,2026-09-26
INV000602,P063,WH15,362,31,2026-09-27
INV000603,P064,WH01,714,289,2026-09-24
INV000604,P064,WH03,653,85,2026-09-25
INV000605,P064,WH04,449,227,2026-09-27
INV000606,P064,WH05,862,16,2026-09-26
INV000607,P064,WH07,509,74,2026-09-27
INV000608,P064,WH09,479,29,2026-09-28
INV000609,P064,WH11,562,23,2026-09-25
INV000610,P064,WH13,117,174,2026-09-25
INV000611,P064,WH14,820,194,2026-09-24
INV000612,P064,WH15,122,92,2026-09-27
INV000613,P065,WH04,150,226,2026-09-26
INV000614,P065,WH05,504,12,2026-09-27
INV000615,P065,WH06,120,295,2026-09-27
INV000616,P065,WH07,166,230,2026-09-26
INV000617,P065,WH08,17,10,2026-09-26
INV000618,P065,WH11,440,273,2026-09-27
INV000619,P065,WH13,764,225,2026-09-24
INV000620,P065,WH15,766,82,2026-09-27
INV000621,P066,WH04,831,221,2026-09-28
INV000622,P066,WH05,294,91,2026-09-24
INV000623,P066,WH06,748,292,2026-09-27
INV000624,P066,WH08,906,54,2026-09-24
INV000625,P066,WH09,340,226,2026-09-27
INV000626,P066,WH10,463,222,2026-09-27
INV000627,P066,WH11,312,142,2026-09-28
INV000628,P066,WH12,416,17,2026-09-26
INV000629,P066,WH14,623,199,2026-09-26
INV000630,P067,WH01,584,2,2026-09-25
INV000631,P067,WH03,426,293,2026-09-26
INV000632,P067,WH04,1053,215,2026-09-26
INV000633,P067,WH07,549,115,2026-09-24
INV000634,P067,WH09,998,144,2026-09-28
INV000635,P067,WH10,482,263,2026-09-27
INV000636,P067,WH12,63,291,2026-09-26
INV000637,P067,WH13,543,257,2026-09-27
INV000638,P067,WH14,149,89,2026-09-25
INV000639,P067,WH15,263,49,2026-09-27
INV000640,P068,WH02,676,145,2026-09-28
INV000641,P068,WH04,486,295,2026-09-28
INV000642,P068,WH05,493,84,2026-09-28
INV000643,P068,WH06,14,232,2026-09-28
INV000644,P068,WH07,415,128,2026-09-28
INV000645,P068,WH09,521,267,2026-09-26
INV000646,P068,WH10,326,116,2026-09-24
INV000647,P068,WH12,421,278,2026-09-24
INV000648,P068,WH13,310,83,2026-09-24
INV000649,P068,WH14,397,84,2026-09-27
INV000650,P068,WH15,684,16,2026-09-26
INV000651,P069,WH01,83,131,2026-09-26
INV000652,P069,WH02,171,26,2026-09-27
INV000653,P069,WH05,309,272,2026-09-28
INV000654,P069,WH08,87,288,2026-09-26
INV000655,P069,WH09,139,134,2026-09-25
INV000656,P069,WH12,291,159,2026-09-26
INV000657,P069,WH13,530,255,2026-09-26
INV000658,P069,WH14,123,163,2026-09-25
INV000659,P069,WH15,537,183,2026-09-27
INV000660,P070,WH02,415,104,2026-09-26
INV000661,P070,WH04,857,172,2026-09-27
INV000662,P070,WH06,242,151,2026-09-27
INV000663,P070,WH07,700,153,2026-09-26
INV000664,P070,WH09,932,41,2026-09-26
INV000665,P070,WH11,775,111,2026-09-28
INV000666,P070,WH12,426,260,2026-09-27
INV000667,P070,WH15,375,268,2026-09-24
INV000668,P071,WH01,567,157,2026-09-25
INV000669,P071,WH02,1301,15,2026-09-28
INV000670,P071,WH03,624,94,2026-09-26
INV000671,P071,WH04,339,92,2026-09-24
INV000672,P071,WH05,786,172,2026-09-24
INV000673,P071,WH06,1204,214,2026-09-25
INV000674,P071,WH07,1196,19,2026-09-26
INV000675,P071,WH09,1487,9,2026-09-24
INV000676,P071,WH10,384,40,2026-09-24
INV000677,P071,WH11,351,104,2026-09-25
INV000678,P071,WH12,222,86,2026-09-27
INV000679,P071,WH13,726,211,2026-09-27
INV000680,P071,WH14,690,292,2026-09-24
INV000681,P072,WH01,23,95,2026-09-27
INV000682,P072,WH02,270,257,2026-09-24
INV000683,P072,WH03,238,93,2026-09-28
INV000684,P072,WH05,142,98,2026-09-25
INV000685,P072,WH07,282,88,2026-09-26
INV000686,P072,WH11,230,182,2026-09-24
INV000687,P072,WH12,261,170,2026-09-27
INV000688,P072,WH13,115,173,2026-09-24
INV000689,P072,WH14,219,155,2026-09-28
INV000690,P072,WH15,170,93,2026-09-28
INV000691,P073,WH01,149,77,2026-09-26
INV000692,P073,WH02,429,260,2026-09-25
INV000693,P073,WH03,358,242,2026-09-25
INV000694,P073,WH04,297,250,2026-09-26
INV000695,P073,WH05,211,158,2026-09-28
INV000696,P073,WH06,37,130,2026-09-27
INV000697,P073,WH07,61,207,2026-09-25
INV000698,P073,WH08,48,43,2026-09-24
INV000699,P073,WH09,216,32,2026-09-25
INV000700,P073,WH12,34,33,2026-09-28
INV000701,P073,WH13,62,78,2026-09-27
INV000702,P073,WH15,386,213,2026-09-28
INV000703,P074,WH02,726,102,2026-09-24
INV000704,P074,WH03,317,279,2026-09-28
INV000705,P074,WH09,934,193,2026-09-25
INV000706,P074,WH10,739,294,2026-09-24
INV000707,P074,WH11,45,108,2026-09-24
INV000708,P074,WH13,62,128,2026-09-26
INV000709,P074,WH15,354,157,2026-09-28
INV000710,P075,WH02,925,106,2026-09-25
INV000711,P075,WH05,611,37,2026-09-25
INV000712,P075,WH06,1158,260,2026-09-24
INV000713,P075,WH07,889,23,2026-09-25
INV000714,P075,WH09,816,251,2026-09-24
INV000715,P075,WH10,1066,57,2026-09-28
INV000716,P075,WH14,1634,131,2026-09-27
INV000717,P075,WH15,176,226,2026-09-26
INV000718,P076,WH01,332,55,2026-09-28
INV000719,P076,WH02,1485,5,2026-09-28
INV000720,P076,WH03,1448,98,2026-09-27
INV000721,P076,WH04,484,7,2026-09-25
INV000722,P076,WH05,1026,222,2026-09-25
INV000723,P076,WH06,623,37,2026-09-28
INV000724,P076,WH10,325,31,2026-09-24
INV000725,P076,WH11,1092,234,2026-09-25
INV000726,P076,WH13,1321,255,2026-09-27
INV000727,P076,WH14,555,287,2026-09-28
INV000728,P076,WH15,294,213,2026-09-28
INV000729,P077,WH01,699,274,2026-09-27
INV000730,P077,WH02,1073,150,2026-09-24
INV000731,P077,WH03,913,69,2026-09-28
INV000732,P077,WH05,1068,92,2026-09-26
INV000733,P077,WH06,1392,87,2026-09-27
INV000734,P077,WH07,798,75,2026-09-24
INV000735,P077,WH08,1267,31,2026-09-25
INV000736,P077,WH10,1370,135,2026-09-24
INV000737,P077,WH12,266,91,2026-09-28
INV000738,P077,WH13,148,126,2026-09-25
INV000739,P077,WH14,184,193,2026-09-28
INV000740,P077,WH15,236,277,2026-09-24
INV000741,P078,WH01,972,161,2026-09-25
INV000742,P078,WH03,394,11,2026-09-26
INV000743,P078,WH05,1234,297,2026-09-28
INV000744,P078,WH11,1183,32,2026-09-25
INV000745,P078,WH13,934,129,2026-09-26
INV000746,P078,WH14,1129,280,2026-09-24
INV000747,P078,WH15,1296,221,2026-09-27
INV000748,P079,WH01,110,273,2026-09-25
INV000749,P079,WH03,296,8,2026-09-27
INV000750,P079,WH04,60,246,2026-09-27
INV000751,P079,WH06,245,32,2026-09-28
INV000752,P079,WH08,338,299,2026-09-27
INV000753,P079,WH09,273,289,2026-09-24
INV000754,P079,WH10,327,40,2026-09-24
INV000755,P079,WH12,123,30,2026-09-27
INV000756,P079,WH14,36,102,2026-09-24
INV000757,P079,WH15,171,49,2026-09-24
INV000758,P080,WH02,39,16,2026-09-28
INV000759,P080,WH03,520,149,2026-09-24
INV000760,P080,WH04,396,219,2026-09-28
INV000761,P080,WH05,356,21,2026-09-27
INV000762,P080,WH06,557,142,2026-09-24
INV000763,P080,WH07,445,178,2026-09-24
INV000764,P080,WH08,338,189,2026-09-26
INV000765,P080,WH09,52,5,2026-09-24
INV000766,P080,WH10,118,220,2026-09-27
INV000767,P080,WH11,91,287,2026-09-24
INV000768,P080,WH13,426,43,2026-09-28
INV000769,P080,WH14,328,136,2026-09-26
INV000770,P080,WH15,236,215,2026-09-26
INV000771,P081,WH02,1174,176,2026-09-27
INV000772,P081,WH03,907,248,2026-09-26
INV000773,P081,WH04,1252,200,2026-09-26
INV000774,P081,WH05,295,188,2026-09-27
INV000775,P081,WH07,702,169,2026-09-24
INV000776,P081,WH09,1038,175,2026-09-26
INV000777,P081,WH10,670,73,2026-09-24
INV000778,P081,WH11,1376,159,2026-09-25
INV000779,P081,WH12,186,112,2026-09-28
INV000780,P081,WH13,645,233,2026-09-27
INV000781,P081,WH14,587,277,2026-09-25
INV000782,P081,WH15,747,25,2026-09-24
INV000783,P082,WH02,730,32,2026-09-24
INV000784,P082,WH03,808,73,2026-09-25
INV000785,P082,WH06,1113,23,2026-09-27
INV000786,P082,WH07,1232,116,2026-09-25
INV000787,P082,WH09,298,84,2026-09-26
INV000788,P082,WH10,24,263,2026-09-24
INV000789,P082,WH11,422,2,2026-09-25
INV000790,P082,WH13,199,237,2026-09-25
INV000791,P082,WH14,776,92,2026-09-27
INV000792,P083,WH02,1356,121,2026-09-25
INV000793,P083,WH03,1285,272,2026-09-28
INV000794,P083,WH07,1153,255,2026-09-27
INV000795,P083,WH09,214,161,2026-09-26
INV000796,P083,WH10,24,288,2026-09-28
INV000797,P083,WH11,20,170,2026-09-24
INV000798,P083,WH14,776,137,2026-09-26
INV000799,P083,WH15,980,150,2026-09-25
INV000800,P084,WH01,207,194,2026-09-28
INV000801,P084,WH03,218,288,2026-09-26
INV000802,P084,WH04,869,75,2026-09-24
INV000803,P084,WH07,631,226,2026-09-28
INV000804,P084,WH08,757,26,2026-09-26
INV000805,P084,WH11,125,78,2026-09-24
INV000806,P084,WH12,998,30,2026-09-25
INV000807,P084,WH13,1094,70,2026-09-25
INV000808,P084,WH14,990,262,2026-09-28
INV000809,P085,WH01,42,128,2026-09-28
INV000810,P085,WH04,168,244,2026-09-24
INV000811,P085,WH05,315,160,2026-09-27
INV000812,P085,WH07,156,147,2026-09-24
INV000813,P085,WH09,110,147,2026-09-26
INV000814,P085,WH10,263,145,2026-09-27
INV000815,P085,WH11,79,284,2026-09-27
INV000816,P085,WH12,153,92,2026-09-28
INV000817,P085,WH13,180,165,2026-09-27
INV000818,P085,WH14,321,113,2026-09-27
INV000819,P085,WH15,152,227,2026-09-27
INV000820,P086,WH02,677,232,2026-09-27
INV000821,P086,WH03,331,222,2026-09-28
INV000822,P086,WH05,1414,105,2026-09-25
INV000823,P086,WH06,1465,37,2026-09-28
INV000824,P086,WH07,132,58,2026-09-24
INV000825,P086,WH09,1493,163,2026-09-27
INV000826,P086,WH13,1087,15,2026-09-28
INV000827,P086,WH14,1616,240,2026-09-25
INV000828,P086,WH15,485,45,2026-09-27
INV000829,P087,WH01,722,161,2026-09-28
INV000830,P087,WH02,97,123,2026-09-24
INV000831,P087,WH03,765,139,2026-09-27
INV000832,P087,WH04,836,234,2026-09-28
INV000833,P087,WH05,465,187,2026-09-24
INV000834,P087,WH06,515,15,2026-09-28
INV000835,P087,WH07,31,223,2026-09-25
INV000836,P087,WH08,798,46,2026-09-27
INV000837,P087,WH09,355,76,2026-09-26
INV000838,P087,WH10,942,16,2026-09-28
INV000839,P087,WH11,597,16,2026-09-24
INV000840,P087,WH12,503,168,2026-09-28
INV000841,P087,WH13,304,178,2026-09-27
INV000842,P087,WH14,926,6,2026-09-24
INV000843,P088,WH01,214,43,2026-09-25
INV000844,P088,WH02,1238,281,2026-09-25
INV000845,P088,WH03,385,252,2026-09-27
INV000846,P088,WH04,1112,120,2026-09-24
INV000847,P088,WH06,1499,77,2026-09-27
INV000848,P088,WH07,81,148,2026-09-28
INV000849,P088,WH08,554,231,2026-09-24
INV000850,P088,WH09,580,112,2026-09-28
INV000851,P088,WH12,580,31,2026-09-25
INV000852,P088,WH13,1560,234,2026-09-27
INV000853,P088,WH14,1442,166,2026-09-28
INV000854,P088,WH15,1334,193,2026-09-25
INV000855,P089,WH04,250,222,2026-09-25
INV000856,P089,WH05,76,239,2026-09-25
INV000857,P089,WH06,213,52,2026-09-27
INV000858,P089,WH07,184,164,2026-09-25
INV000859,P089,WH10,55,255,2026-09-28
INV000860,P089,WH13,451,29,2026-09-27
INV000861,P089,WH14,161,278,2026-09-28
INV000862,P089,WH15,271,195,2026-09-27
INV000863,P090,WH01,750,58,2026-09-24
INV000864,P090,WH02,678,214,2026-09-27
INV000865,P090,WH03,772,129,2026-09-24
INV000866,P090,WH04,127,116,2026-09-24
INV000867,P090,WH05,772,264,2026-09-27
INV000868,P090,WH06,644,93,2026-09-25
INV000869,P090,WH07,431,233,2026-09-27
INV000870,P090,WH08,334,110,2026-09-26
INV000871,P090,WH10,466,201,2026-09-27
INV000872,P090,WH11,830,217,2026-09-26
INV000873,P090,WH12,26,185,2026-09-26
INV000874,P090,WH13,319,24,2026-09-28
INV000875,P090,WH15,415,15,2026-09-28
INV000876,P091,WH02,526,72,2026-09-25
INV000877,P091,WH03,196,138,2026-09-27
INV000878,P091,WH04,667,195,2026-09-24
INV000879,P091,WH05,75,82,2026-09-24
INV000880,P091,WH06,734,2,2026-09-26
INV000881,P091,WH07,589,276,2026-09-24
INV000882,P091,WH08,474,283,2026-09-25
INV000883,P091,WH09,482,72,2026-09-26
INV000884,P091,WH10,602,107,2026-09-28
INV000885,P091,WH11,859,199,2026-09-27
INV000886,P091,WH14,40,222,2026-09-24
INV000887,P092,WH02,200,8,2026-09-27
INV000888,P092,WH03,237,167,2026-09-25
INV000889,P092,WH04,213,26,2026-09-26
INV000890,P092,WH08,188,98,2026-09-26
INV000891,P092,WH12,329,17,2026-09-24
INV000892,P092,WH13,118,153,2026-09-24
INV000893,P092,WH14,132,256,2026-09-27
INV000894,P092,WH15,160,115,2026-09-24
INV000895,P093,WH02,1047,139,2026-09-28
INV000896,P093,WH03,462,47,2026-09-24
INV000897,P093,WH05,626,216,2026-09-24
INV000898,P093,WH07,821,168,2026-09-26
INV000899,P093,WH08,133,158,2026-09-27
INV000900,P093,WH09,766,9,2026-09-26
INV000901,P093,WH10,1026,145,2026-09-28
INV000902,P093,WH11,891,299,2026-09-26
INV000903,P093,WH12,961,57,2026-09-25
INV000904,P093,WH13,43,104,2026-09-27
INV000905,P094,WH01,882,16,2026-09-26
INV000906,P094,WH02,1015,229,2026-09-25
INV000907,P094,WH04,1053,214,2026-09-24
INV000908,P094,WH05,127,158,2026-09-28
INV000909,P094,WH06,524,186,2026-09-28
INV000910,P094,WH07,534,285,2026-09-27
INV000911,P094,WH08,777,181,2026-09-27
INV000912,P094,WH09,236,289,2026-09-28
INV000913,P094,WH10,28,66,2026-09-25
INV000914,P094,WH11,87,142,2026-09-28
INV000915,P094,WH12,878,231,2026-09-24
INV000916,P094,WH15,851,253,2026-09-25
INV000917,P095,WH01,220,253,2026-09-25
INV000918,P095,WH03,213,63,2026-09-25
INV000919,P095,WH04,63,299,2026-09-28
INV000920,P095,WH06,797,166,2026-09-24
INV000921,P095,WH08,71,75,2026-09-25
INV000922,P095,WH10,575,56,2026-09-24
INV000923,P095,WH12,468,25,2026-09-26
INV000924,P095,WH13,136,132,2026-09-27
INV000925,P095,WH14,554,2,2026-09-25
INV000926,P096,WH01,84,226,2026-09-24
INV000927,P096,WH02,513,55,2026-09-26
INV000928,P096,WH03,565,209,2026-09-26
INV000929,P096,WH04,667,168,2026-09-28
INV000930,P096,WH05,1398,23,2026-09-25
INV000931,P096,WH07,588,170,2026-09-24
INV000932,P096,WH10,1062,123,2026-09-26
INV000933,P096,WH11,303,237,2026-09-26
INV000934,P096,WH12,609,256,2026-09-25
INV000935,P096,WH13,186,75,2026-09-24
INV000936,P096,WH14,846,178,2026-09-27
INV000937,P097,WH01,32,38,2026-09-26
INV000938,P097,WH03,243,229,2026-09-27
INV000939,P097,WH04,28,218,2026-09-28
INV000940,P097,WH05,140,217,2026-09-28
INV000941,P097,WH06,135,162,2026-09-24
INV000942,P097,WH07,226,207,2026-09-26
INV000943,P097,WH09,38,199,2026-09-26
INV000944,P097,WH10,94,272,2026-09-26
INV000945,P097,WH11,125,226,2026-09-25
INV000946,P097,WH12,250,80,2026-09-26
INV000947,P098,WH02,1574,96,2026-09-28
INV000948,P098,WH03,760,75,2026-09-27
INV000949,P098,WH04,539,171,2026-09-26
INV000950,P098,WH05,1358,268,2026-09-25
INV000951,P098,WH06,1354,45,2026-09-28
INV000952,P098,WH07,1470,73,2026-09-28
INV000953,P098,WH08,1562,190,2026-09-27
INV000954,P098,WH09,960,196,2026-09-27
INV000955,P098,WH11,1263,4,2026-09-27
INV000956,P098,WH12,989,21,2026-09-25
INV000957,P098,WH13,1232,240,2026-09-26
INV000958,P099,WH01,1524,88,2026-09-26
INV000959,P099,WH03,570,137,2026-09-24
INV000960,P099,WH05,1246,270,2026-09-28
INV000961,P099,WH06,1336,247,2026-09-24
INV000962,P099,WH07,168,131,2026-09-27
INV000963,P099,WH08,1455,22,2026-09-24
INV000964,P099,WH09,1123,26,2026-09-27
INV000965,P099,WH10,1812,242,2026-09-26
INV000966,P099,WH11,1759,103,2026-09-28
INV000967,P099,WH12,1779,1,2026-09-27
INV000968,P099,WH14,213,171,2026-09-24
INV000969,P099,WH15,1874,203,2026-09-28
INV000970,P100,WH02,200,167,2026-09-27
INV000971,P100,WH03,0,134,2026-09-24
INV000972,P100,WH04,696,86,2026-09-27
INV000973,P100,WH05,114,85,2026-09-25
INV000974,P100,WH08,614,98,2026-09-28
INV000975,P100,WH10,114,128,2026-09-27
INV000976,P100,WH12,690,16,2026-09-27
INV000977,P100,WH13,350,94,2026-09-25
INV000978,P101,WH03,984,91,2026-09-27
INV000979,P101,WH04,557,85,2026-09-24
INV000980,P101,WH05,116,158,2026-09-28
INV000981,P101,WH06,261,139,2026-09-26
INV000982,P101,WH09,397,94,2026-09-25
INV000983,P101,WH10,15,238,2026-09-26
INV000984,P101,WH11,280,279,2026-09-24
INV000985,P101,WH13,620,292,2026-09-24
INV000986,P101,WH14,967,59,2026-09-27
INV000987,P102,WH01,675,26,2026-09-26
INV000988,P102,WH04,265,185,2026-09-28
INV000989,P102,WH07,87,25,2026-09-24
INV000990,P102,WH08,301,134,2026-09-26
INV000991,P102,WH09,164,279,2026-09-24
INV000992,P102,WH11,237,188,2026-09-27
INV000993,P102,WH13,52,272,2026-09-24
INV000994,P102,WH14,385,91,2026-09-27
INV000995,P102,WH15,419,287,2026-09-26
INV000996,P103,WH01,892,102,2026-09-24
INV000997,P103,WH02,277,57,2026-09-25
INV000998,P103,WH03,1104,61,2026-09-27
INV000999,P103,WH04,1358,279,2026-09-27
INV001000,P103,WH05,215,152,2026-09-26
INV001001,P103,WH08,708,268,2026-09-24
INV001002,P103,WH09,460,126,2026-09-27
INV001003,P103,WH10,54,193,2026-09-27
INV001004,P103,WH11,332,240,2026-09-24
INV001005,P103,WH12,599,293,2026-09-27
INV001006,P103,WH13,420,51,2026-09-27
INV001007,P103,WH15,593,280,2026-09-28
INV001008,P104,WH01,246,184,2026-09-28
INV001009,P104,WH02,282,209,2026-09-25
INV001010,P104,WH03,40,128,2026-09-28
INV001011,P104,WH05,138,229,2026-09-26
INV001012,P104,WH06,353,260,2026-09-25
INV001013,P104,WH07,246,228,2026-09-28
INV001014,P104,WH08,383,6,2026-09-25
INV001015,P104,WH09,194,2,2026-09-24
INV001016,P104,WH10,235,203,2026-09-25
INV001017,P104,WH12,173,286,2026-09-25
INV001018,P104,WH13,55,252,2026-09-27
INV001019,P104,WH15,86,180,2026-09-28
INV001020,P105,WH01,598,130,2026-09-25
INV001021,P105,WH04,212,160,2026-09-24
INV001022,P105,WH07,470,141,2026-09-28
INV001023,P105,WH08,1036,72,2026-09-27
INV001024,P105,WH09,1016,173,2026-09-25
INV001025,P105,WH11,680,11,2026-09-28
INV001026,P105,WH14,412,160,2026-09-28
INV001027,P105,WH15,228,75,2026-09-24
INV001028,P106,WH01,259,151,2026-09-24
INV001029,P106,WH02,106,106,2026-09-25
INV001030,P106,WH03,1108,287,2026-09-25
INV001031,P106,WH04,669,12,2026-09-24
INV001032,P106,WH05,206,200,2026-09-27
INV001033,P106,WH06,796,133,2026-09-24
INV001034,P106,WH07,609,161,2026-09-25
INV001035,P106,WH09,877,45,2026-09-24
INV001036,P106,WH10,990,6,2026-09-27
INV001037,P106,WH11,1192,158,2026-09-24
INV001038,P106,WH12,665,35,2026-09-24
INV001039,P106,WH13,1221,273,2026-09-24
INV001040,P106,WH14,919,233,2026-09-28
INV001041,P106,WH15,46,149,2026-09-28
INV001042,P107,WH01,655,129,2026-09-25
INV001043,P107,WH02,904,54,2026-09-26
INV001044,P107,WH03,999,221,2026-09-27
INV001045,P107,WH05,869,194,2026-09-28
INV001046,P107,WH07,556,25,2026-09-28
INV001047,P107,WH10,640,177,2026-09-24
INV001048,P107,WH11,424,266,2026-09-28
INV001049,P107,WH12,1721,184,2026-09-27
INV001050,P107,WH13,50,73,2026-09-24
INV001051,P107,WH14,1292,275,2026-09-26
INV001052,P107,WH15,928,272,2026-09-24
INV001053,P108,WH01,670,171,2026-09-24
INV001054,P108,WH02,516,263,2026-09-26
INV001055,P108,WH03,68,83,2026-09-27
INV001056,P108,WH05,445,201,2026-09-28
INV001057,P108,WH06,714,260,2026-09-25
INV001058,P108,WH08,915,39,2026-09-25
INV001059,P108,WH09,903,215,2026-09-25
INV001060,P108,WH10,428,185,2026-09-25
INV001061,P108,WH11,931,267,2026-09-27
INV001062,P108,WH13,446,94,2026-09-26
INV001063,P108,WH15,608,209,2026-09-25
INV001064,P109,WH01,569,137,2026-09-27
INV001065,P109,WH02,319,266,2026-09-27
INV001066,P109,WH04,315,297,2026-09-25
INV001067,P109,WH05,332,70,2026-09-26
INV001068,P109,WH08,610,177,2026-09-27
INV001069,P109,WH09,400,167,2026-09-26
INV001070,P109,WH10,116,243,2026-09-26
INV001071,P109,WH11,507,279,2026-09-24
INV001072,P109,WH12,89,155,2026-09-28
INV001073,P109,WH14,167,121,2026-09-27
INV001074,P110,WH01,169,80,2026-09-26
INV001075,P110,WH02,605,169,2026-09-25
INV001076,P110,WH06,130,90,2026-09-24
INV001077,P110,WH09,937,127,2026-09-28
INV001078,P110,WH10,45,163,2026-09-27
INV001079,P110,WH11,607,260,2026-09-25
INV001080,P110,WH12,811,271,2026-09-28
INV001081,P110,WH13,281,14,2026-09-25
INV001082,P110,WH15,804,256,2026-09-24
INV001083,P111,WH01,940,96,2026-09-26
INV001084,P111,WH02,45,216,2026-09-26
INV001085,P111,WH03,198,200,2026-09-28
INV001086,P111,WH05,199,115,2026-09-26
INV001087,P111,WH06,333,289,2026-09-25
INV001088,P111,WH07,447,262,2026-09-27
INV001089,P111,WH08,788,181,2026-09-26
INV001090,P111,WH09,146,186,2026-09-27
INV001091,P111,WH10,566,85,2026-09-24
INV001092,P111,WH13,110,147,2026-09-28
INV001093,P111,WH15,506,109,2026-09-25
INV001094,P112,WH01,756,82,2026-09-24
INV001095,P112,WH02,1605,249,2026-09-27
INV001096,P112,WH04,1699,157,2026-09-27
INV001097,P112,WH05,116,296,2026-09-28
INV001098,P112,WH07,1667,73,2026-09-26
INV001099,P112,WH08,1235,20,2026-09-28
INV001100,P112,WH09,1297,56,2026-09-26
INV001101,P112,WH10,1514,282,2026-09-26
INV001102,P112,WH11,411,14,2026-09-27
INV001103,P112,WH13,1659,118,2026-09-25
INV001104,P112,WH14,900,80,2026-09-26
INV001105,P112,WH15,1241,282,2026-09-27
INV001106,P113,WH01,681,163,2026-09-28
INV001107,P113,WH05,1201,211,2026-09-26
INV001108,P113,WH06,1166,144,2026-09-27
INV001109,P113,WH07,794,56,2026-09-24
INV001110,P113,WH09,136,181,2026-09-28
INV001111,P113,WH10,723,120,2026-09-26
INV001112,P113,WH11,591,52,2026-09-24
INV001113,P113,WH12,943,97,2026-09-28
INV001114,P113,WH14,581,194,2026-09-28
INV001115,P114,WH01,259,18,2026-09-28
INV001116,P114,WH04,61,207,2026-09-26
INV001117,P114,WH05,339,65,2026-09-25
INV001118,P114,WH07,556,127,2026-09-26
INV001119,P114,WH08,769,145,2026-09-26
INV001120,P114,WH09,169,25,2026-09-25
INV001121,P114,WH10,643,117,2026-09-26
INV001122,P114,WH11,342,30,2026-09-27
INV001123,P114,WH14,429,58,2026-09-27
INV001124,P114,WH15,836,63,2026-09-27
INV001125,P115,WH01,62,191,2026-09-28
INV001126,P115,WH02,314,101,2026-09-25
INV001127,P115,WH03,124,195,2026-09-28
INV001128,P115,WH04,213,80,2026-09-25
INV001129,P115,WH07,197,67,2026-09-27
INV001130,P115,WH08,179,274,2026-09-27
INV001131,P115,WH09,186,250,2026-09-25
INV001132,P115,WH10,162,245,2026-09-28
INV001133,P115,WH12,194,149,2026-09-25
INV001134,P115,WH13,424,134,2026-09-27
INV001135,P115,WH14,214,148,2026-09-26
INV001136,P116,WH01,1446,179,2026-09-24
INV001137,P116,WH02,597,101,2026-09-26
INV001138,P116,WH04,109,255,2026-09-27
INV001139,P116,WH06,1253,37,2026-09-28
INV001140,P116,WH07,1424,124,2026-09-27
INV001141,P116,WH08,1400,251,2026-09-24
INV001142,P116,WH09,169,182,2026-09-24
INV001143,P116,WH10,360,236,2026-09-28
INV001144,P116,WH11,761,168,2026-09-25
INV001145,P116,WH12,922,175,2026-09-26
INV001146,P116,WH13,390,25,2026-09-28
INV001147,P116,WH14,752,252,2026-09-25
INV001148,P117,WH01,174,118,2026-09-28
INV001149,P117,WH02,254,296,2026-09-28
INV001150,P117,WH03,335,75,2026-09-24
INV001151,P117,WH06,284,139,2026-09-25
INV001152,P117,WH07,81,152,2026-09-26
INV001153,P117,WH11,309,150,2026-09-24
INV001154,P117,WH13,352,11,2026-09-27
INV001155,P117,WH14,63,223,2026-09-28
INV001156,P117,WH15,249,214,2026-09-24
INV001157,P118,WH03,0,36,2026-09-26
INV001158,P118,WH05,283,156,2026-09-28
INV001159,P118,WH06,325,217,2026-09-24
INV001160,P118,WH07,383,62,2026-09-28
INV001161,P118,WH09,258,53,2026-09-26
INV001162,P118,WH11,259,56,2026-09-25
INV001163,P118,WH12,81,93,2026-09-28
INV001164,P118,WH14,95,134,2026-09-27
INV001165,P119,WH02,701,169,2026-09-28
INV001166,P119,WH04,530,266,2026-09-26
INV001167,P119,WH07,491,97,2026-09-24
INV001168,P119,WH09,266,186,2026-09-28
INV001169,P119,WH10,366,99,2026-09-26
INV001170,P119,WH11,134,206,2026-09-26
INV001171,P119,WH12,260,177,2026-09-28
INV001172,P119,WH13,59,243,2026-09-25
INV001173,P120,WH02,743,11,2026-09-25
INV001174,P120,WH04,413,83,2026-09-25
INV001175,P120,WH07,891,168,2026-09-24
INV001176,P120,WH08,599,173,2026-09-25
INV001177,P120,WH10,61,281,2026-09-26
INV001178,P120,WH11,558,28,2026-09-25
INV001179,P120,WH13,354,251,2026-09-28
INV001180,P120,WH15,686,280,2026-09-25
INV001181,P121,WH01,823,103,2026-09-27
INV001182,P121,WH04,424,14,2026-09-28
INV001183,P121,WH05,910,161,2026-09-24
INV001184,P121,WH06,438,71,2026-09-26
INV001185,P121,WH07,1140,66,2026-09-24
INV001186,P121,WH08,1177,166,2026-09-24
INV001187,P121,WH09,894,270,2026-09-28
INV001188,P121,WH10,507,280,2026-09-26
INV001189,P121,WH11,168,0,2026-09-24
INV001190,P121,WH12,757,274,2026-09-27
INV001191,P121,WH14,721,49,2026-09-25
INV001192,P121,WH15,553,179,2026-09-28
INV001193,P122,WH02,541,47,2026-09-25
INV001194,P122,WH03,347,74,2026-09-25
INV001195,P122,WH04,720,267,2026-09-28
INV001196,P122,WH05,71,117,2026-09-25
INV001197,P122,WH07,230,113,2026-09-28
INV001198,P122,WH09,579,74,2026-09-27
INV001199,P122,WH10,21,102,2026-09-24
INV001200,P122,WH12,372,9,2026-09-24
INV001201,P122,WH13,772,146,2026-09-27
INV001202,P122,WH15,475,164,2026-09-27
INV001203,P123,WH01,918,218,2026-09-28
INV001204,P123,WH03,328,79,2026-09-28
INV001205,P123,WH04,1388,94,2026-09-28
INV001206,P123,WH05,1012,256,2026-09-27
INV001207,P123,WH06,313,16,2026-09-28
INV001208,P123,WH07,323,154,2026-09-27
INV001209,P123,WH10,498,114,2026-09-26
INV001210,P123,WH12,1205,283,2026-09-27
INV001211,P123,WH13,133,60,2026-09-26
INV001212,P123,WH14,1233,47,2026-09-26
INV001213,P123,WH15,973,114,2026-09-24
INV001214,P124,WH01,156,20,2026-09-26
INV001215,P124,WH03,295,148,2026-09-28
INV001216,P124,WH04,107,209,2026-09-25
INV001217,P124,WH05,175,126,2026-09-26
INV001218,P124,WH06,48,59,2026-09-28
INV001219,P124,WH07,3,188,2026-09-27
INV001220,P124,WH09,122,107,2026-09-28
INV001221,P124,WH11,333,267,2026-09-26
INV001222,P124,WH12,232,116,2026-09-25
INV001223,P124,WH13,19,137,2026-09-26
INV001224,P124,WH15,292,63,2026-09-27
INV001225,P125,WH01,583,45,2026-09-26
INV001226,P125,WH03,715,254,2026-09-25
INV001227,P125,WH04,375,265,2026-09-26
INV001228,P125,WH05,392,240,2026-09-28
INV001229,P125,WH07,1160,118,2026-09-26
INV001230,P125,WH09,783,14,2026-09-28
INV001231,P125,WH10,991,36,2026-09-28
INV001232,P125,WH11,944,213,2026-09-28
INV001233,P125,WH12,1370,78,2026-09-24
INV001234,P125,WH15,1197,230,2026-09-26
INV001235,P126,WH01,272,36,2026-09-26
INV001236,P126,WH02,372,142,2026-09-27
INV001237,P126,WH03,935,49,2026-09-27
INV001238,P126,WH04,648,218,2026-09-24
INV001239,P126,WH05,985,18,2026-09-25
INV001240,P126,WH06,927,158,2026-09-25
INV001241,P126,WH08,40,263,2026-09-27
INV001242,P126,WH09,486,179,2026-09-28
INV001243,P126,WH10,34,126,2026-09-24
INV001244,P126,WH12,167,271,2026-09-26
INV001245,P126,WH13,956,227,2026-09-25
INV001246,P126,WH15,218,206,2026-09-27
INV001247,P127,WH01,1282,235,2026-09-26
INV001248,P127,WH05,449,94,2026-09-28
INV001249,P127,WH06,343,136,2026-09-24
INV001250,P127,WH07,1181,206,2026-09-28
INV001251,P127,WH09,596,226,2026-09-27
INV001252,P127,WH11,1376,134,2026-09-25
INV001253,P127,WH12,1110,231,2026-09-26
INV001254,P127,WH13,748,268,2026-09-26
INV001255,P128,WH01,118,121,2026-09-24
INV001256,P128,WH02,270,241,2026-09-27
INV001257,P128,WH03,126,32,2026-09-25
INV001258,P128,WH04,139,256,2026-09-27
INV001259,P128,WH07,21,211,2026-09-26
INV001260,P128,WH08,364,9,2026-09-24
INV001261,P128,WH09,65,52,2026-09-24
INV001262,P128,WH12,173,70,2026-09-26
INV001263,P128,WH13,325,77,2026-09-24
INV001264,P128,WH14,497,4,2026-09-26
INV001265,P128,WH15,231,171,2026-09-26
INV001266,P129,WH01,1262,205,2026-09-24
INV001267,P129,WH02,1049,175,2026-09-27
INV001268,P129,WH03,540,42,2026-09-27
INV001269,P129,WH04,1176,198,2026-09-24
INV001270,P129,WH06,1523,258,2026-09-26
INV001271,P129,WH07,1681,159,2026-09-24
INV001272,P129,WH08,329,132,2026-09-26
INV001273,P129,WH11,81,240,2026-09-25
INV001274,P129,WH12,852,222,2026-09-25
INV001275,P129,WH13,525,292,2026-09-25
INV001276,P129,WH14,483,219,2026-09-27
INV001277,P129,WH15,912,86,2026-09-25
INV001278,P130,WH01,1028,84,2026-09-28
INV001279,P130,WH02,1465,260,2026-09-27
INV001280,P130,WH04,1524,112,2026-09-25
INV001281,P130,WH05,622,289,2026-09-26
INV001282,P130,WH06,188,211,2026-09-25
INV001283,P130,WH07,1492,6,2026-09-27
INV001284,P130,WH09,396,160,2026-09-24
INV001285,P130,WH10,1480,238,2026-09-28
INV001286,P130,WH12,631,234,2026-09-24
INV001287,P130,WH13,660,144,2026-09-27
INV001288,P130,WH14,82,205,2026-09-26
INV001289,P130,WH15,1281,240,2026-09-26
INV001290,P131,WH01,950,86,2026-09-27
INV001291,P131,WH03,141,2,2026-09-28
INV001292,P131,WH04,1483,86,2026-09-28
INV001293,P131,WH05,1394,156,2026-09-27
INV001294,P131,WH07,499,62,2026-09-27
INV001295,P131,WH08,1009,86,2026-09-26
INV001296,P131,WH09,285,122,2026-09-24
INV001297,P131,WH10,989,76,2026-09-28
INV001298,P131,WH11,455,47,2026-09-28
INV001299,P131,WH13,831,113,2026-09-26
INV001300,P131,WH14,466,88,2026-09-25
INV001301,P132,WH01,85,269,2026-09-27
INV001302,P132,WH02,316,37,2026-09-26
INV001303,P132,WH03,178,135,2026-09-25
INV001304,P132,WH04,85,164,2026-09-25
INV001305,P132,WH06,134,213,2026-09-25
INV001306,P132,WH07,362,99,2026-09-25
INV001307,P132,WH08,519,273,2026-09-25
INV001308,P132,WH11,548,123,2026-09-24
INV001309,P132,WH12,863,184,2026-09-25
INV001310,P132,WH13,161,227,2026-09-28
INV001311,P132,WH15,578,109,2026-09-25
INV001312,P133,WH02,84,20,2026-09-26
INV001313,P133,WH03,580,152,2026-09-26
INV001314,P133,WH04,20,100,2026-09-24
INV001315,P133,WH06,459,254,2026-09-26
INV001316,P133,WH07,58,153,2026-09-24
INV001317,P133,WH09,148,231,2026-09-24
INV001318,P133,WH10,504,8,2026-09-24
INV001319,P133,WH12,554,64,2026-09-28
INV001320,P133,WH13,139,101,2026-09-26
INV001321,P133,WH14,373,81,2026-09-28
INV001322,P133,WH15,309,89,2026-09-24
INV001323,P134,WH03,150,208,2026-09-27
INV001324,P134,WH04,74,247,2026-09-28
INV001325,P134,WH07,856,185,2026-09-24
INV001326,P134,WH08,903,138,2026-09-24
INV001327,P134,WH09,532,235,2026-09-24
INV001328,P134,WH10,206,140,2026-09-24
INV001329,P134,WH13,538,193,2026-09-24
INV001330,P134,WH14,980,164,2026-09-28
INV001331,P134,WH15,324,159,2026-09-28
INV001332,P135,WH01,1412,39,2026-09-27
INV001333,P135,WH02,898,229,2026-09-26
INV001334,P135,WH04,196,46,2026-09-26
INV001335,P135,WH05,1291,174,2026-09-27
INV001336,P135,WH06,394,172,2026-09-26
INV001337,P135,WH07,296,198,2026-09-24
INV001338,P135,WH08,854,292,2026-09-27
INV001339,P135,WH09,156,181,2026-09-28
INV001340,P135,WH14,781,257,2026-09-24
INV001341,P135,WH15,1618,174,2026-09-26
INV001342,P136,WH01,351,1,2026-09-27
INV001343,P136,WH02,638,134,2026-09-24
INV001344,P136,WH03,759,40,2026-09-28
INV001345,P136,WH05,1277,44,2026-09-26
INV001346,P136,WH06,383,3,2026-09-28
INV001347,P136,WH07,196,295,2026-09-27
INV001348,P136,WH08,334,176,2026-09-28
INV001349,P136,WH11,756,6,2026-09-25
INV001350,P136,WH12,453,62,2026-09-25
INV001351,P136,WH13,301,206,2026-09-26
INV001352,P136,WH15,1319,202,2026-09-28
INV001353,P137,WH02,1568,42,2026-09-25
INV001354,P137,WH03,1588,98,2026-09-24
INV001355,P137,WH05,1333,298,2026-09-27
INV001356,P137,WH06,863,88,2026-09-28
INV001357,P137,WH07,468,133,2026-09-28
INV001358,P137,WH10,1079,196,2026-09-24
INV001359,P137,WH11,411,278,2026-09-24
INV001360,P137,WH14,853,69,2026-09-28
INV001361,P138,WH01,447,281,2026-09-28
INV001362,P138,WH04,162,94,2026-09-26
INV001363,P138,WH05,268,291,2026-09-28
INV001364,P138,WH07,569,274,2026-09-27
INV001365,P138,WH08,622,213,2026-09-25
INV001366,P138,WH09,240,286,2026-09-24
INV001367,P138,WH10,808,135,2026-09-26
INV001368,P138,WH11,407,161,2026-09-28
INV001369,P138,WH12,746,204,2026-09-25
INV001370,P138,WH14,531,236,2026-09-26
INV001371,P138,WH15,130,266,2026-09-26
INV001372,P139,WH02,1318,241,2026-09-25
INV001373,P139,WH03,1004,240,2026-09-27
INV001374,P139,WH04,187,274,2026-09-28
INV001375,P139,WH05,807,121,2026-09-25
INV001376,P139,WH06,1160,231,2026-09-24
INV001377,P139,WH07,1754,196,2026-09-24
INV001378,P139,WH08,1059,275,2026-09-24
INV001379,P139,WH09,536,117,2026-09-27
INV001380,P139,WH10,525,258,2026-09-28
INV001381,P139,WH12,673,18,2026-09-27
INV001382,P139,WH15,906,141,2026-09-24
INV001383,P140,WH02,1178,254,2026-09-28
INV001384,P140,WH03,1594,222,2026-09-26
INV001385,P140,WH04,611,156,2026-09-25
INV001386,P140,WH05,1255,258,2026-09-28
INV001387,P140,WH06,717,206,2026-09-27
INV001388,P140,WH07,1542,125,2026-09-24
INV001389,P140,WH09,409,285,2026-09-24
INV001390,P140,WH10,26,48,2026-09-24
INV001391,P140,WH11,883,254,2026-09-28
INV001392,P140,WH12,486,258,2026-09-27
INV001393,P140,WH15,61,122,2026-09-27
INV001394,P141,WH03,962,181,2026-09-24
INV001395,P141,WH04,437,79,2026-09-26
INV001396,P141,WH05,698,27,2026-09-25
INV001397,P141,WH06,312,123,2026-09-27
INV001398,P141,WH07,589,134,2026-09-26
INV001399,P141,WH08,247,264,2026-09-26
INV001400,P141,WH09,56,149,2026-09-26
INV001401,P141,WH10,1122,53,2026-09-27
INV001402,P141,WH13,790,64,2026-09-28
INV001403,P141,WH14,228,212,2026-09-26
INV001404,P141,WH15,14,242,2026-09-28
INV001405,P142,WH01,170,175,2026-09-27
INV001406,P142,WH02,112,56,2026-09-26
INV001407,P142,WH04,6,155,2026-09-25
INV001408,P142,WH06,237,172,2026-09-24
INV001409,P142,WH08,119,78,2026-09-26
INV001410,P142,WH10,34,217,2026-09-24
INV001411,P142,WH11,335,127,2026-09-24
INV001412,P142,WH13,349,265,2026-09-26
INV001413,P142,WH14,380,66,2026-09-27
INV001414,P143,WH02,104,106,2026-09-27
INV001415,P143,WH03,360,75,2026-09-26
INV001416,P143,WH04,476,117,2026-09-28
INV001417,P143,WH05,286,179,2026-09-26
INV001418,P143,WH06,26,154,2026-09-26
INV001419,P143,WH07,50,37,2026-09-28
INV001420,P143,WH08,95,75,2026-09-28
INV001421,P143,WH11,158,62,2026-09-26
INV001422,P143,WH12,325,156,2026-09-24
INV001423,P143,WH13,389,237,2026-09-28
INV001424,P143,WH14,82,76,2026-09-27
INV001425,P143,WH15,199,284,2026-09-28
INV001426,P144,WH02,776,101,2026-09-28
INV001427,P144,WH04,662,169,2026-09-26
INV001428,P144,WH05,735,26,2026-09-25
INV001429,P144,WH07,141,214,2026-09-26
INV001430,P144,WH08,137,152,2026-09-28
INV001431,P144,WH09,767,77,2026-09-26
INV001432,P144,WH13,771,12,2026-09-28
INV001433,P144,WH14,403,253,2026-09-27
INV001434,P145,WH02,154,173,2026-09-27
INV001435,P145,WH03,429,38,2026-09-28
INV001436,P145,WH05,281,98,2026-09-27
INV001437,P145,WH06,148,123,2026-09-25
INV001438,P145,WH07,408,12,2026-09-26
INV001439,P145,WH08,397,14,2026-09-26
INV001440,P145,WH10,378,5,2026-09-25
INV001441,P145,WH13,19,276,2026-09-26
INV001442,P145,WH14,298,144,2026-09-28
INV001443,P145,WH15,27,172,2026-09-25
INV001444,P146,WH01,1133,258,2026-09-25
INV001445,P146,WH02,964,125,2026-09-26
INV001446,P146,WH03,485,275,2026-09-28
INV001447,P146,WH05,1282,33,2026-09-28
INV001448,P146,WH06,518,64,2026-09-26
INV001449,P146,WH07,47,95,2026-09-24
INV001450,P146,WH11,138,81,2026-09-24
INV001451,P146,WH13,13,42,2026-09-27
INV001452,P146,WH14,104,283,2026-09-27
INV001453,P147,WH03,659,191,2026-09-25
INV001454,P147,WH04,1038,219,2026-09-25
INV001455,P147,WH06,88,144,2026-09-26
INV001456,P147,WH08,600,158,2026-09-28
INV001457,P147,WH09,871,47,2026-09-26
INV001458,P147,WH10,172,37,2026-09-24
INV001459,P147,WH11,239,51,2026-09-25
INV001460,P147,WH12,677,26,2026-09-24
INV001461,P147,WH13,329,138,2026-09-27
INV001462,P148,WH01,1265,234,2026-09-24
INV001463,P148,WH02,845,82,2026-09-24
INV001464,P148,WH03,827,101,2026-09-27
INV001465,P148,WH04,1247,182,2026-09-24
INV001466,P148,WH05,761,135,2026-09-28
INV001467,P148,WH06,969,177,2026-09-25
INV001468,P148,WH07,97,34,2026-09-26
INV001469,P148,WH08,116,128,2026-09-26
INV001470,P148,WH09,1055,193,2026-09-27
INV001471,P148,WH11,933,166,2026-09-28
INV001472,P148,WH13,1380,245,2026-09-26
INV001473,P148,WH14,298,102,2026-09-26
INV001474,P148,WH15,754,49,2026-09-24
INV001475,P149,WH01,428,274,2026-09-26
INV001476,P149,WH03,289,102,2026-09-27
INV001477,P149,WH04,229,173,2026-09-27
INV001478,P149,WH05,38,15,2026-09-27
INV001479,P149,WH06,47,243,2026-09-28
INV001480,P149,WH08,400,145,2026-09-27
INV001481,P149,WH09,175,169,2026-09-28
INV001482,P149,WH11,160,213,2026-09-27
INV001483,P149,WH13,330,32,2026-09-24
INV001484,P149,WH15,66,94,2026-09-24
INV001485,P150,WH01,163,9,2026-09-27
INV001486,P150,WH02,340,155,2026-09-24
INV001487,P150,WH03,14,94,2026-09-26
INV001488,P150,WH06,78,60,2026-09-24
INV001489,P150,WH09,180,139,2026-09-27
INV001490,P150,WH10,10,39,2026-09-24
INV001491,P150,WH12,184,110,2026-09-25
INV001492,P151,WH01,447,140,2026-09-27
INV001493,P151,WH03,183,119,2026-09-24
INV001494,P151,WH04,811,129,2026-09-28
INV001495,P151,WH05,930,153,2026-09-24
INV001496,P151,WH06,114,280,2026-09-27
INV001497,P151,WH07,1049,97,2026-09-25
INV001498,P151,WH08,385,43,2026-09-24
INV001499,P151,WH09,950,282,2026-09-26
INV001500,P151,WH10,610,97,2026-09-26
INV001501,P151,WH11,1306,281,2026-09-24
INV001502,P151,WH13,871,268,2026-09-27
INV001503,P151,WH15,796,212,2026-09-24
INV001504,P152,WH01,742,156,2026-09-27
INV001505,P152,WH03,657,96,2026-09-26
INV001506,P152,WH04,402,59,2026-09-24
INV001507,P152,WH05,730,123,2026-09-27
INV001508,P152,WH06,407,163,2026-09-26
INV001509,P152,WH07,134,148,2026-09-28
INV001510,P152,WH08,927,181,2026-09-25
INV001511,P152,WH09,904,191,2026-09-25
INV001512,P152,WH10,955,246,2026-09-24
INV001513,P152,WH11,269,85,2026-09-27
INV001514,P152,WH13,75,82,2026-09-28
INV001515,P152,WH14,793,168,2026-09-28
INV001516,P152,WH15,405,34,2026-09-25
INV001517,P153,WH04,562,244,2026-09-24
INV001518,P153,WH05,550,242,2026-09-24
INV001519,P153,WH06,435,287,2026-09-25
INV001520,P153,WH07,557,132,2026-09-26
INV001521,P153,WH08,550,22,2026-09-26
INV001522,P153,WH11,536,282,2026-09-28
INV001523,P153,WH12,13,98,2026-09-26
INV001524,P153,WH15,54,176,2026-09-26
INV001525,P154,WH01,1378,278,2026-09-26
INV001526,P154,WH03,1129,142,2026-09-28
INV001527,P154,WH05,1125,110,2026-09-28
INV001528,P154,WH06,760,206,2026-09-27
INV001529,P154,WH10,1402,146,2026-09-26
INV001530,P154,WH11,471,12,2026-09-25
INV001531,P154,WH12,466,231,2026-09-27
INV001532,P154,WH13,259,232,2026-09-28
INV001533,P154,WH14,776,206,2026-09-25
INV001534,P155,WH01,323,84,2026-09-28
INV001535,P155,WH02,337,156,2026-09-25
INV001536,P155,WH03,784,100,2026-09-27
INV001537,P155,WH04,25,23,2026-09-26
INV001538,P155,WH07,922,219,2026-09-25
INV001539,P155,WH09,241,153,2026-09-26
INV001540,P155,WH10,615,284,2026-09-24
INV001541,P155,WH14,288,148,2026-09-24
INV001542,P155,WH15,815,41,2026-09-27
INV001543,P156,WH02,171,79,2026-09-27
INV001544,P156,WH04,270,29,2026-09-24
INV001545,P156,WH05,316,217,2026-09-27
INV001546,P156,WH07,209,54,2026-09-24
INV001547,P156,WH09,164,242,2026-09-25
INV001548,P156,WH11,349,115,2026-09-27
INV001549,P156,WH12,475,93,2026-09-26
INV001550,P156,WH14,411,228,2026-09-28
INV001551,P157,WH05,232,262,2026-09-27
INV001552,P157,WH06,528,250,2026-09-28
INV001553,P157,WH09,556,125,2026-09-28
INV001554,P157,WH10,338,159,2026-09-24
INV001555,P157,WH12,523,57,2026-09-28
INV001556,P157,WH14,165,208,2026-09-26
INV001557,P158,WH01,13,90,2026-09-26
INV001558,P158,WH02,589,262,2026-09-24
INV001559,P158,WH03,509,164,2026-09-24
INV001560,P158,WH05,801,113,2026-09-28
INV001561,P158,WH06,507,146,2026-09-28
INV001562,P158,WH08,617,90,2026-09-28
INV001563,P158,WH09,256,160,2026-09-28
INV001564,P158,WH10,173,201,2026-09-25
INV001565,P158,WH11,515,21,2026-09-26
INV001566,P158,WH12,581,155,2026-09-24
INV001567,P158,WH13,642,120,2026-09-24
INV001568,P158,WH15,930,129,2026-09-24
INV001569,P159,WH02,1211,87,2026-09-27
INV001570,P159,WH03,1253,68,2026-09-28
INV001571,P159,WH05,180,71,2026-09-27
INV001572,P159,WH06,76,291,2026-09-25
INV001573,P159,WH07,550,134,2026-09-25
INV001574,P159,WH08,326,257,2026-09-27
INV001575,P159,WH09,1505,198,2026-09-27
INV001576,P159,WH11,1270,146,2026-09-24
INV001577,P159,WH15,622,139,2026-09-25
INV001578,P160,WH02,750,244,2026-09-24
INV001579,P160,WH04,86,33,2026-09-27
INV001580,P160,WH05,657,269,2026-09-25
INV001581,P160,WH06,152,29,2026-09-27
INV001582,P160,WH07,35,104,2026-09-28
INV001583,P160,WH08,379,148,2026-09-26
INV001584,P160,WH10,422,220,2026-09-26
INV001585,P160,WH12,379,26,2026-09-25
INV001586,P160,WH13,131,163,2026-09-26
INV001587,P160,WH14,570,187,2026-09-28
INV001588,P160,WH15,588,158,2026-09-27
INV001589,P161,WH01,573,281,2026-09-25
INV001590,P161,WH02,433,267,2026-09-28
INV001591,P161,WH05,877,108,2026-09-24
INV001592,P161,WH06,414,190,2026-09-25
INV001593,P161,WH07,557,56,2026-09-27
INV001594,P161,WH08,440,100,2026-09-28
INV001595,P161,WH09,31,141,2026-09-24
INV001596,P161,WH10,889,220,2026-09-25
INV001597,P161,WH11,777,32,2026-09-26
INV001598,P161,WH13,782,21,2026-09-25
INV001599,P161,WH14,356,102,2026-09-25
INV001600,P162,WH01,1583,120,2026-09-28
INV001601,P162,WH02,98,114,2026-09-27
INV001602,P162,WH05,424,82,2026-09-26
INV001603,P162,WH06,257,283,2026-09-24
INV001604,P162,WH07,780,106,2026-09-25
INV001605,P162,WH08,245,221,2026-09-27
INV001606,P162,WH09,720,149,2026-09-27
INV001607,P162,WH10,765,5,2026-09-25
INV001608,P162,WH11,84,196,2026-09-25
INV001609,P162,WH13,394,221,2026-09-25
INV001610,P162,WH14,1734,31,2026-09-24
INV001611,P163,WH04,448,21,2026-09-27
INV001612,P163,WH06,335,178,2026-09-24
INV001613,P163,WH07,391,47,2026-09-25
INV001614,P163,WH08,674,85,2026-09-28
INV001615,P163,WH10,444,6,2026-09-26
INV001616,P163,WH11,326,39,2026-09-27
INV001617,P163,WH14,598,60,2026-09-27
INV001618,P163,WH15,253,67,2026-09-26
INV001619,P164,WH01,1726,58,2026-09-25
INV001620,P164,WH03,466,78,2026-09-28
INV001621,P164,WH04,1360,14,2026-09-27
INV001622,P164,WH07,1275,116,2026-09-28
INV001623,P164,WH08,1059,284,2026-09-28
INV001624,P164,WH09,601,152,2026-09-28
INV001625,P164,WH10,1498,166,2026-09-26
INV001626,P164,WH11,544,114,2026-09-24
INV001627,P164,WH13,718,253,2026-09-26
INV001628,P164,WH14,422,223,2026-09-26
INV001629,P165,WH02,1298,240,2026-09-27
INV001630,P165,WH03,4,135,2026-09-27
INV001631,P165,WH04,341,257,2026-09-27
INV001632,P165,WH05,872,149,2026-09-27
INV001633,P165,WH06,308,215,2026-09-25
INV001634,P165,WH07,1296,220,2026-09-28
INV001635,P165,WH10,337,37,2026-09-28
INV001636,P165,WH12,1421,223,2026-09-25
INV001637,P165,WH14,565,191,2026-09-28
INV001638,P165,WH15,1546,205,2026-09-27
INV001639,P166,WH03,41,279,2026-09-27
INV001640,P166,WH04,568,230,2026-09-27
INV001641,P166,WH05,280,297,2026-09-28
INV001642,P166,WH06,1068,44,2026-09-24
INV001643,P166,WH09,732,228,2026-09-24
INV001644,P166,WH10,884,101,2026-09-28
INV001645,P166,WH11,916,139,2026-09-26
INV001646,P166,WH13,710,109,2026-09-27
INV001647,P167,WH01,1106,26,2026-09-27
INV001648,P167,WH02,28,75,2026-09-26
INV001649,P167,WH03,380,154,2026-09-26
INV001650,P167,WH05,597,279,2026-09-25
INV001651,P167,WH06,188,202,2026-09-26
INV001652,P167,WH09,1420,160,2026-09-28
INV001653,P167,WH11,1119,287,2026-09-25
INV001654,P167,WH12,662,109,2026-09-27
INV001655,P167,WH13,1081,203,2026-09-28
INV001656,P167,WH14,1139,142,2026-09-26
INV001657,P168,WH02,335,48,2026-09-24
INV001658,P168,WH03,5,267,2026-09-27
INV001659,P168,WH08,266,34,2026-09-26
INV001660,P168,WH10,221,151,2026-09-25
INV001661,P168,WH12,215,258,2026-09-26
INV001662,P168,WH13,210,99,2026-09-28
INV001663,P168,WH15,349,241,2026-09-25
INV001664,P169,WH01,658,59,2026-09-24
INV001665,P169,WH02,440,155,2026-09-27
INV001666,P169,WH03,922,26,2026-09-28
INV001667,P169,WH04,1109,166,2026-09-26
INV001668,P169,WH05,562,280,2026-09-28
INV001669,P169,WH09,455,215,2026-09-28
INV001670,P169,WH13,1105,203,2026-09-24
INV001671,P169,WH14,35,111,2026-09-28
INV001672,P169,WH15,1412,117,2026-09-24
INV001673,P170,WH01,270,9,2026-09-27
INV001674,P170,WH03,973,135,2026-09-24
INV001675,P170,WH04,340,8,2026-09-26
INV001676,P170,WH05,1396,181,2026-09-25
INV001677,P170,WH06,147,133,2026-09-24
INV001678,P170,WH10,365,0,2026-09-27
INV001679,P170,WH11,758,203,2026-09-24
INV001680,P170,WH14,19,198,2026-09-27
INV001681,P170,WH15,531,80,2026-09-26
INV001682,P171,WH01,215,201,2026-09-27
INV001683,P171,WH02,69,104,2026-09-25
INV001684,P171,WH05,246,171,2026-09-26
INV001685,P171,WH06,206,169,2026-09-25
INV001686,P171,WH07,314,40,2026-09-28
INV001687,P171,WH10,186,55,2026-09-26
INV001688,P171,WH13,148,180,2026-09-27
INV001689,P172,WH01,92,88,2026-09-28
INV001690,P172,WH03,92,141,2026-09-24
INV001691,P172,WH04,244,269,2026-09-24
INV001692,P172,WH05,61,112,2026-09-27
INV001693,P172,WH06,173,142,2026-09-24
INV001694,P172,WH07,183,228,2026-09-25
INV001695,P172,WH11,143,4,2026-09-28
INV001696,P172,WH12,28,78,2026-09-28
INV001697,P172,WH13,259,2,2026-09-25
INV001698,P172,WH14,259,267,2026-09-25
INV001699,P173,WH01,1570,263,2026-09-24
INV001700,P173,WH03,1425,87,2026-09-26
INV001701,P173,WH04,1470,42,2026-09-27
INV001702,P173,WH05,1218,185,2026-09-27
INV001703,P173,WH06,1207,295,2026-09-24
INV001704,P173,WH07,1441,122,2026-09-26
INV001705,P173,WH08,713,232,2026-09-26
INV001706,P173,WH09,411,11,2026-09-26
INV001707,P173,WH10,236,196,2026-09-25
INV001708,P173,WH12,1426,280,2026-09-24
INV001709,P173,WH13,484,294,2026-09-27
INV001710,P173,WH14,705,17,2026-09-24
INV001711,P173,WH15,888,196,2026-09-26
INV001712,P174,WH01,281,214,2026-09-26
INV001713,P174,WH03,101,48,2026-09-27
INV001714,P174,WH06,270,216,2026-09-27
INV001715,P174,WH07,447,185,2026-09-24
INV001716,P174,WH08,323,66,2026-09-27
INV001717,P174,WH09,147,50,2026-09-27
INV001718,P174,WH10,324,147,2026-09-28
INV001719,P174,WH11,47,183,2026-09-28
INV001720,P174,WH13,114,267,2026-09-25
INV001721,P174,WH14,377,147,2026-09-24
INV001722,P174,WH15,313,298,2026-09-27
INV001723,P175,WH01,542,11,2026-09-28
INV001724,P175,WH02,764,170,2026-09-26
INV001725,P175,WH03,552,277,2026-09-27
INV001726,P175,WH04,918,235,2026-09-26
INV001727,P175,WH06,1046,72,2026-09-27
INV001728,P175,WH07,936,125,2026-09-27
INV001729,P175,WH08,1061,250,2026-09-26
INV001730,P175,WH09,558,117,2026-09-24
INV001731,P175,WH10,492,103,2026-09-26
INV001732,P175,WH11,610,41,2026-09-26
INV001733,P175,WH12,217,19,2026-09-25
INV001734,P175,WH13,737,218,2026-09-25
INV001735,P175,WH14,456,112,2026-09-25
INV001736,P175,WH15,999,262,2026-09-28
INV001737,P176,WH01,479,90,2026-09-28
INV001738,P176,WH03,706,215,2026-09-25
INV001739,P176,WH04,177,156,2026-09-28
INV001740,P176,WH05,244,47,2026-09-27
INV001741,P176,WH07,21,188,2026-09-24
INV001742,P176,WH08,90,171,2026-09-24
INV001743,P176,WH10,239,162,2026-09-28
INV001744,P176,WH14,14,163,2026-09-25
INV001745,P177,WH01,407,153,2026-09-27
INV001746,P177,WH03,1245,174,2026-09-25
INV001747,P177,WH04,1294,82,2026-09-26
INV001748,P177,WH05,740,95,2026-09-27
INV001749,P177,WH07,1226,295,2026-09-28
INV001750,P177,WH09,63,120,2026-09-24
INV001751,P177,WH10,915,150,2026-09-24
INV001752,P177,WH11,1061,204,2026-09-25
INV001753,P177,WH14,733,119,2026-09-27
INV001754,P177,WH15,598,129,2026-09-24
INV001755,P178,WH01,774,144,2026-09-25
INV001756,P178,WH03,361,122,2026-09-27
INV001757,P178,WH06,90,128,2026-09-28
INV001758,P178,WH07,120,156,2026-09-28
INV001759,P178,WH08,568,145,2026-09-24
INV001760,P178,WH10,38,253,2026-09-24
INV001761,P178,WH12,838,77,2026-09-25
INV001762,P178,WH14,762,92,2026-09-24
INV001763,P178,WH15,800,16,2026-09-25
INV001764,P179,WH01,480,67,2026-09-25
INV001765,P179,WH02,555,75,2026-09-24
INV001766,P179,WH03,200,72,2026-09-26
INV001767,P179,WH04,493,261,2026-09-25
INV001768,P179,WH05,89,208,2026-09-28
INV001769,P179,WH07,419,105,2026-09-24
INV001770,P179,WH08,568,42,2026-09-25
INV001771,P179,WH10,490,278,2026-09-26
INV001772,P179,WH11,581,206,2026-09-28
INV001773,P179,WH13,72,235,2026-09-27
INV001774,P179,WH14,636,264,2026-09-24
INV001775,P180,WH02,254,245,2026-09-27
INV001776,P180,WH03,406,109,2026-09-24
INV001777,P180,WH04,311,299,2026-09-26
INV001778,P180,WH05,343,244,2026-09-25
INV001779,P180,WH08,577,268,2026-09-28
INV001780,P180,WH09,653,260,2026-09-24
INV001781,P180,WH11,433,163,2026-09-28
INV001782,P180,WH13,433,150,2026-09-26
INV001783,P180,WH14,186,47,2026-09-28
INV001784,P181,WH01,371,177,2026-09-25
INV001785,P181,WH02,1095,235,2026-09-27
INV001786,P181,WH03,1294,247,2026-09-25
INV001787,P181,WH04,577,167,2026-09-28
INV001788,P181,WH05,829,98,2026-09-25
INV001789,P181,WH07,1157,31,2026-09-24
INV001790,P181,WH08,114,192,2026-09-26
INV001791,P181,WH10,396,150,2026-09-26
INV001792,P181,WH11,957,227,2026-09-24
INV001793,P181,WH13,988,118,2026-09-25
INV001794,P181,WH14,1371,218,2026-09-24
INV001795,P182,WH03,435,111,2026-09-28
INV001796,P182,WH04,873,157,2026-09-24
INV001797,P182,WH06,638,127,2026-09-27
INV001798,P182,WH08,989,255,2026-09-24
INV001799,P182,WH09,1235,130,2026-09-27
INV001800,P182,WH10,842,106,2026-09-27
INV001801,P182,WH13,85,254,2026-09-28
INV001802,P182,WH15,556,73,2026-09-28
INV001803,P183,WH01,145,183,2026-09-28
INV001804,P183,WH02,622,89,2026-09-28
INV001805,P183,WH03,27,221,2026-09-27
INV001806,P183,WH05,477,153,2026-09-25
INV001807,P183,WH06,128,166,2026-09-27
INV001808,P183,WH07,682,148,2026-09-25
INV001809,P183,WH08,780,211,2026-09-26
INV001810,P183,WH11,435,229,2026-09-26
INV001811,P183,WH12,941,9,2026-09-25
INV001812,P183,WH15,629,128,2026-09-27
INV001813,P184,WH01,786,143,2026-09-28
INV001814,P184,WH02,1031,230,2026-09-24
INV001815,P184,WH03,1331,259,2026-09-27
INV001816,P184,WH04,608,120,2026-09-26
INV001817,P184,WH05,1048,152,2026-09-28
INV001818,P184,WH07,1357,35,2026-09-24
INV001819,P184,WH08,322,13,2026-09-25
INV001820,P184,WH10,1297,177,2026-09-25
INV001821,P184,WH12,495,271,2026-09-24
INV001822,P184,WH15,1151,122,2026-09-24
INV001823,P185,WH01,1046,158,2026-09-27
INV001824,P185,WH02,1692,240,2026-09-28
INV001825,P185,WH04,773,76,2026-09-24
INV001826,P185,WH06,1152,27,2026-09-26
INV001827,P185,WH07,393,198,2026-09-24
INV001828,P185,WH08,392,194,2026-09-24
INV001829,P185,WH11,1421,42,2026-09-27
INV001830,P185,WH12,966,278,2026-09-24
INV001831,P185,WH13,326,107,2026-09-27
INV001832,P185,WH14,1706,288,2026-09-25
INV001833,P186,WH01,316,157,2026-09-26
INV001834,P186,WH03,559,109,2026-09-24
INV001835,P186,WH04,1147,225,2026-09-27
INV001836,P186,WH05,1359,142,2026-09-24
INV001837,P186,WH06,112,267,2026-09-24
INV001838,P186,WH12,581,280,2026-09-26
INV001839,P186,WH13,678,169,2026-09-26
INV001840,P186,WH14,1340,133,2026-09-26
INV001841,P186,WH15,5,73,2026-09-25
INV001842,P187,WH01,1563,64,2026-09-27
INV001843,P187,WH02,24,231,2026-09-24
INV001844,P187,WH03,323,85,2026-09-26
INV001845,P187,WH05,1258,131,2026-09-27
INV001846,P187,WH06,122,239,2026-09-27
INV001847,P187,WH08,1642,57,2026-09-24
INV001848,P187,WH11,1251,111,2026-09-28
INV001849,P187,WH12,285,294,2026-09-28
INV001850,P187,WH13,1077,161,2026-09-25
INV001851,P187,WH14,954,86,2026-09-24
INV001852,P188,WH02,324,58,2026-09-28
INV001853,P188,WH03,772,69,2026-09-26
INV001854,P188,WH06,423,136,2026-09-28
INV001855,P188,WH07,414,255,2026-09-25
INV001856,P188,WH08,414,62,2026-09-25
INV001857,P188,WH09,255,58,2026-09-28
INV001858,P188,WH11,599,135,2026-09-26
INV001859,P188,WH14,17,127,2026-09-25
INV001860,P188,WH15,740,46,2026-09-25
INV001861,P189,WH01,1334,101,2026-09-25
INV001862,P189,WH02,724,211,2026-09-27
INV001863,P189,WH04,1044,106,2026-09-26
INV001864,P189,WH05,839,209,2026-09-26
INV001865,P189,WH06,380,1,2026-09-27
INV001866,P189,WH09,1704,150,2026-09-24
INV001867,P189,WH12,391,2,2026-09-25
INV001868,P189,WH13,1398,101,2026-09-24
INV001869,P189,WH14,308,102,2026-09-26
INV001870,P189,WH15,1357,29,2026-09-27
INV001871,P190,WH02,996,295,2026-09-28
INV001872,P190,WH03,393,232,2026-09-26
INV001873,P190,WH04,801,35,2026-09-24
INV001874,P190,WH06,940,210,2026-09-27
INV001875,P190,WH07,522,16,2026-09-24
INV001876,P190,WH08,737,151,2026-09-28
INV001877,P190,WH11,242,36,2026-09-27
INV001878,P190,WH12,535,289,2026-09-26
INV001879,P190,WH15,903,141,2026-09-24
INV001880,P191,WH01,255,256,2026-09-26
INV001881,P191,WH04,994,112,2026-09-25
INV001882,P191,WH06,1105,212,2026-09-28
INV001883,P191,WH08,1884,101,2026-09-28
INV001884,P191,WH09,170,290,2026-09-28
INV001885,P191,WH11,731,19,2026-09-25
INV001886,P191,WH12,557,273,2026-09-27
INV001887,P191,WH13,1079,30,2026-09-24
INV001888,P191,WH14,160,116,2026-09-25
INV001889,P191,WH15,1378,16,2026-09-27
INV001890,P192,WH02,517,27,2026-09-24
INV001891,P192,WH03,370,45,2026-09-28
INV001892,P192,WH04,77,93,2026-09-26
INV001893,P192,WH05,477,196,2026-09-25
INV001894,P192,WH06,286,124,2026-09-24
INV001895,P192,WH07,3,195,2026-09-27
INV001896,P192,WH10,64,148,2026-09-25
INV001897,P192,WH11,433,178,2026-09-27
INV001898,P192,WH12,453,64,2026-09-24
INV001899,P192,WH13,349,261,2026-09-24
INV001900,P192,WH14,126,232,2026-09-26
INV001901,P192,WH15,547,59,2026-09-28
INV001902,P193,WH01,359,198,2026-09-27
INV001903,P193,WH02,196,204,2026-09-28
INV001904,P193,WH04,577,51,2026-09-25
INV001905,P193,WH05,46,262,2026-09-24
INV001906,P193,WH06,405,167,2026-09-24
INV001907,P193,WH07,302,145,2026-09-27
INV001908,P193,WH09,86,173,2026-09-25
INV001909,P193,WH10,225,283,2026-09-27
INV001910,P193,WH13,541,220,2026-09-26
INV001911,P193,WH14,399,177,2026-09-24
INV001912,P193,WH15,173,64,2026-09-28
INV001913,P194,WH01,224,203,2026-09-25
INV001914,P194,WH02,218,144,2026-09-24
INV001915,P194,WH03,238,209,2026-09-27
INV001916,P194,WH04,137,41,2026-09-26
INV001917,P194,WH05,13,284,2026-09-25
INV001918,P194,WH08,132,202,2026-09-24
INV001919,P194,WH09,225,277,2026-09-25
INV001920,P194,WH11,245,210,2026-09-28
INV001921,P194,WH13,118,169,2026-09-28
INV001922,P194,WH14,214,4,2026-09-27
INV001923,P194,WH15,107,218,2026-09-25
INV001924,P195,WH02,153,277,2026-09-25
INV001925,P195,WH03,419,277,2026-09-25
INV001926,P195,WH04,429,12,2026-09-27
INV001927,P195,WH05,100,6,2026-09-28
INV001928,P195,WH09,361,281,2026-09-28
INV001929,P195,WH12,518,243,2026-09-28
INV001930,P195,WH13,29,100,2026-09-26
INV001931,P195,WH14,161,273,2026-09-27
INV001932,P195,WH15,180,159,2026-09-26
INV001933,P196,WH01,66,245,2026-09-24
INV001934,P196,WH02,194,185,2026-09-25
INV001935,P196,WH03,461,168,2026-09-26
INV001936,P196,WH04,485,238,2026-09-28
INV001937,P196,WH05,239,94,2026-09-25
INV001938,P196,WH09,446,229,2026-09-27
INV001939,P196,WH11,402,159,2026-09-27
INV001940,P196,WH13,106,9,2026-09-26
INV001941,P196,WH14,447,278,2026-09-26
INV001942,P197,WH01,665,61,2026-09-27
INV001943,P197,WH02,16,216,2026-09-24
INV001944,P197,WH03,399,255,2026-09-25
INV001945,P197,WH04,289,203,2026-09-26
INV001946,P197,WH05,276,269,2026-09-25
INV001947,P197,WH09,688,6,2026-09-25
INV001948,P197,WH10,309,258,2026-09-24
INV001949,P197,WH11,543,110,2026-09-26
INV001950,P197,WH13,841,53,2026-09-25
INV001951,P197,WH15,289,250,2026-09-25
INV001952,P198,WH01,687,18,2026-09-27
INV001953,P198,WH02,110,252,2026-09-25
INV001954,P198,WH06,772,293,2026-09-25
INV001955,P198,WH07,931,271,2026-09-25
INV001956,P198,WH08,864,297,2026-09-28
INV001957,P198,WH10,824,182,2026-09-28
INV001958,P198,WH11,800,38,2026-09-27
INV001959,P198,WH13,628,282,2026-09-27
INV001960,P198,WH14,780,226,2026-09-24
INV001961,P199,WH02,6,115,2026-09-28
INV001962,P199,WH05,213,74,2026-09-26
INV001963,P199,WH07,112,19,2026-09-26
INV001964,P199,WH10,108,210,2026-09-24
INV001965,P199,WH11,112,238,2026-09-25
INV001966,P199,WH12,160,56,2026-09-26
INV001967,P199,WH13,223,138,2026-09-27
INV001968,P199,WH14,222,51,2026-09-26
INV001969,P199,WH15,197,142,2026-09-27
INV001970,P200,WH01,351,166,2026-09-25
INV001971,P200,WH04,392,7,2026-09-27
INV001972,P200,WH06,112,90,2026-09-25
INV001973,P200,WH07,299,268,2026-09-25
INV001974,P200,WH08,384,79,2026-09-28
INV001975,P200,WH09,232,34,2026-09-28
INV001976,P200,WH10,116,181,2026-09-24
INV001977,P200,WH12,101,289,2026-09-28
INV001978,P200,WH14,390,102,2026-09-26
INV001979,P201,WH01,115,166,2026-09-25
INV001980,P201,WH02,4,137,2026-09-28
INV001981,P201,WH04,156,59,2026-09-26
INV001982,P201,WH05,8,15,2026-09-24
INV001983,P201,WH06,256,20,2026-09-28
INV001984,P201,WH07,168,285,2026-09-24
INV001985,P201,WH09,164,106,2026-09-24
INV001986,P201,WH10,209,69,2026-09-28
INV001987,P201,WH12,160,34,2026-09-24
INV001988,P201,WH13,302,42,2026-09-24
INV001989,P201,WH15,205,93,2026-09-28
INV001990,P202,WH02,520,50,2026-09-27
INV001991,P202,WH04,1241,283,2026-09-28
INV001992,P202,WH05,1125,117,2026-09-28
INV001993,P202,WH06,779,239,2026-09-28
INV001994,P202,WH07,1203,225,2026-09-26
INV001995,P202,WH09,989,111,2026-09-27
INV001996,P202,WH11,1280,104,2026-09-24
INV001997,P202,WH13,1041,129,2026-09-24
INV001998,P202,WH14,971,140,2026-09-27
INV001999,P202,WH15,555,226,2026-09-25
INV002000,P203,WH02,814,13,2026-09-24
INV002001,P203,WH04,18,50,2026-09-25
INV002002,P203,WH05,1333,76,2026-09-25
INV002003,P203,WH07,923,44,2026-09-26
INV002004,P203,WH09,1420,177,2026-09-28
INV002005,P203,WH10,856,119,2026-09-28
INV002006,P203,WH11,123,29,2026-09-26
INV002007,P203,WH12,1566,112,2026-09-25
INV002008,P203,WH13,1191,78,2026-09-24
INV002009,P203,WH14,1407,109,2026-09-28
INV002010,P204,WH01,395,57,2026-09-25
INV002011,P204,WH03,680,152,2026-09-26
INV002012,P204,WH07,453,67,2026-09-26
INV002013,P204,WH08,692,268,2026-09-26
INV002014,P204,WH09,717,52,2026-09-25
INV002015,P204,WH10,332,295,2026-09-28
INV002016,P204,WH11,255,271,2026-09-24
INV002017,P204,WH12,67,188,2026-09-27
INV002018,P204,WH14,111,205,2026-09-27
INV002019,P205,WH01,248,299,2026-09-26
INV002020,P205,WH03,704,217,2026-09-27
INV002021,P205,WH05,449,167,2026-09-26
INV002022,P205,WH06,465,103,2026-09-26
INV002023,P205,WH08,1086,88,2026-09-26
INV002024,P205,WH10,631,16,2026-09-27
INV002025,P205,WH11,1154,92,2026-09-24
INV002026,P205,WH13,627,252,2026-09-24
INV002027,P205,WH14,392,100,2026-09-28
INV002028,P205,WH15,987,114,2026-09-25
INV002029,P206,WH01,378,42,2026-09-25
INV002030,P206,WH04,217,20,2026-09-26
INV002031,P206,WH06,844,166,2026-09-25
INV002032,P206,WH08,907,37,2026-09-27
INV002033,P206,WH11,598,212,2026-09-24
INV002034,P206,WH12,816,144,2026-09-26
INV002035,P206,WH13,513,283,2026-09-26
INV002036,P206,WH15,729,243,2026-09-25
INV002037,P207,WH01,866,258,2026-09-24
INV002038,P207,WH02,1302,124,2026-09-27
INV002039,P207,WH04,1240,79,2026-09-28
INV002040,P207,WH05,153,226,2026-09-27
INV002041,P207,WH06,133,85,2026-09-25
INV002042,P207,WH07,993,275,2026-09-25
INV002043,P207,WH09,384,268,2026-09-25
INV002044,P207,WH10,1018,124,2026-09-28
INV002045,P207,WH13,1381,100,2026-09-27
INV002046,P208,WH01,128,64,2026-09-25
INV002047,P208,WH02,823,284,2026-09-24
INV002048,P208,WH03,776,105,2026-09-28
INV002049,P208,WH04,379,271,2026-09-27
INV002050,P208,WH05,955,7,2026-09-25
INV002051,P208,WH06,36,275,2026-09-28
INV002052,P208,WH07,269,19,2026-09-28
INV002053,P208,WH08,70,228,2026-09-26
INV002054,P208,WH09,412,278,2026-09-24
INV002055,P208,WH12,375,184,2026-09-25
INV002056,P208,WH13,394,295,2026-09-24
INV002057,P208,WH14,716,80,2026-09-28
INV002058,P208,WH15,396,4,2026-09-24
INV002059,P209,WH01,560,22,2026-09-28
INV002060,P209,WH03,917,299,2026-09-27
INV002061,P209,WH04,828,299,2026-09-25
INV002062,P209,WH07,554,249,2026-09-25
INV002063,P209,WH08,324,43,2026-09-27
INV002064,P209,WH10,212,92,2026-09-25
INV002065,P209,WH11,210,49,2026-09-27
INV002066,P209,WH12,261,284,2026-09-26
INV002067,P209,WH13,703,98,2026-09-25
INV002068,P209,WH14,550,231,2026-09-24
INV002069,P209,WH15,323,139,2026-09-24
INV002070,P210,WH02,168,148,2026-09-28
INV002071,P210,WH03,189,190,2026-09-24
INV002072,P210,WH05,765,256,2026-09-28
INV002073,P210,WH07,263,120,2026-09-28
INV002074,P210,WH09,397,36,2026-09-24
INV002075,P210,WH10,730,170,2026-09-26
INV002076,P210,WH11,951,38,2026-09-28
INV002077,P210,WH13,391,142,2026-09-26
INV002078,P210,WH15,823,214,2026-09-27
INV002079,P211,WH01,129,92,2026-09-24
INV002080,P211,WH03,1,12,2026-09-27
INV002081,P211,WH04,157,257,2026-09-25
INV002082,P211,WH05,117,152,2026-09-24
INV002083,P211,WH08,204,33,2026-09-26
INV002084,P211,WH09,127,190,2026-09-27
INV002085,P211,WH10,3,6,2026-09-28
INV002086,P211,WH11,70,66,2026-09-24
INV002087,P211,WH12,37,163,2026-09-24
INV002088,P211,WH14,165,214,2026-09-25
INV002089,P212,WH03,496,192,2026-09-24
INV002090,P212,WH04,1145,54,2026-09-26
INV002091,P212,WH06,550,39,2026-09-27
INV002092,P212,WH07,419,112,2026-09-24
INV002093,P212,WH09,838,15,2026-09-28
INV002094,P212,WH10,1115,282,2026-09-28
INV002095,P212,WH11,277,154,2026-09-26
INV002096,P212,WH12,873,92,2026-09-24
INV002097,P212,WH14,912,245,2026-09-27
INV002098,P212,WH15,1081,49,2026-09-28
INV002099,P213,WH01,801,231,2026-09-24
INV002100,P213,WH02,100,176,2026-09-25
INV002101,P213,WH03,172,3,2026-09-26
INV002102,P213,WH07,903,244,2026-09-27
INV002103,P213,WH09,889,264,2026-09-25
INV002104,P213,WH10,120,159,2026-09-27
INV002105,P213,WH14,809,281,2026-09-25
INV002106,P213,WH15,81,6,2026-09-25
INV002107,P214,WH01,1630,119,2026-09-27
INV002108,P214,WH02,1364,281,2026-09-24
INV002109,P214,WH03,1049,256,2026-09-26
INV002110,P214,WH04,280,0,2026-09-25
INV002111,P214,WH05,402,89,2026-09-26
INV002112,P214,WH06,1114,16,2026-09-28
INV002113,P214,WH07,556,88,2026-09-28
INV002114,P214,WH10,107,292,2026-09-25
INV002115,P214,WH11,1159,226,2026-09-25
INV002116,P214,WH12,710,3,2026-09-24
INV002117,P214,WH13,335,275,2026-09-24
INV002118,P215,WH02,328,246,2026-09-27
INV002119,P215,WH03,381,88,2026-09-24
INV002120,P215,WH04,8,139,2026-09-27
INV002121,P215,WH06,30,48,2026-09-27
INV002122,P215,WH07,308,124,2026-09-28
INV002123,P215,WH08,35,38,2026-09-27
INV002124,P215,WH12,106,164,2026-09-25
INV002125,P215,WH14,19,208,2026-09-24
INV002126,P216,WH03,1393,290,2026-09-24
INV002127,P216,WH04,299,164,2026-09-26
INV002128,P216,WH06,393,225,2026-09-28
INV002129,P216,WH07,590,186,2026-09-28
INV002130,P216,WH09,1398,140,2026-09-27
INV002131,P216,WH10,5,159,2026-09-28
INV002132,P216,WH11,898,82,2026-09-28
INV002133,P216,WH14,237,288,2026-09-28
INV002134,P217,WH01,423,92,2026-09-24
INV002135,P217,WH02,317,24,2026-09-27
INV002136,P217,WH04,450,128,2026-09-24
INV002137,P217,WH05,474,287,2026-09-27
INV002138,P217,WH08,302,21,2026-09-24
INV002139,P217,WH09,34,120,2026-09-26
INV002140,P217,WH12,29,224,2026-09-26
INV002141,P217,WH13,149,150,2026-09-27
INV002142,P217,WH15,425,163,2026-09-27
INV002143,P218,WH02,76,187,2026-09-27
INV002144,P218,WH04,268,28,2026-09-27
INV002145,P218,WH07,102,98,2026-09-25
INV002146,P218,WH10,300,131,2026-09-28
INV002147,P218,WH11,352,237,2026-09-26
INV002148,P218,WH12,344,128,2026-09-27
INV002149,P218,WH15,171,124,2026-09-28
INV002150,P219,WH02,595,56,2026-09-26
INV002151,P219,WH03,519,174,2026-09-25
INV002152,P219,WH04,143,22,2026-09-27
INV002153,P219,WH05,385,183,2026-09-26
INV002154,P219,WH06,166,41,2026-09-24
INV002155,P219,WH07,126,53,2026-09-24
INV002156,P219,WH10,178,293,2026-09-25
INV002157,P219,WH11,576,227,2026-09-27
INV002158,P219,WH12,126,33,2026-09-25
INV002159,P219,WH13,557,298,2026-09-28
INV002160,P219,WH14,545,236,2026-09-25
INV002161,P219,WH15,308,178,2026-09-24
INV002162,P220,WH01,1456,80,2026-09-24
INV002163,P220,WH03,967,81,2026-09-27
INV002164,P220,WH04,179,104,2026-09-25
INV002165,P220,WH05,161,255,2026-09-25
INV002166,P220,WH08,747,194,2026-09-28
INV002167,P220,WH09,204,75,2026-09-26
INV002168,P220,WH10,217,202,2026-09-26
INV002169,P220,WH11,21,23,2026-09-27
INV002170,P220,WH12,594,188,2026-09-26
INV002171,P220,WH13,542,184,2026-09-24
INV002172,P220,WH15,571,109,2026-09-24
INV002173,P221,WH01,1089,199,2026-09-25
INV002174,P221,WH02,667,145,2026-09-28
INV002175,P221,WH03,981,164,2026-09-26
INV002176,P221,WH04,787,210,2026-09-25
INV002177,P221,WH05,478,177,2026-09-27
INV002178,P221,WH07,343,134,2026-09-24
INV002179,P221,WH08,322,203,2026-09-27
INV002180,P221,WH10,840,20,2026-09-28
INV002181,P221,WH12,387,69,2026-09-25
INV002182,P221,WH13,1093,294,2026-09-25
INV002183,P221,WH14,541,204,2026-09-28
INV002184,P221,WH15,82,22,2026-09-28
INV002185,P222,WH01,386,145,2026-09-27
INV002186,P222,WH02,271,81,2026-09-25
INV002187,P222,WH04,104,141,2026-09-24
INV002188,P222,WH07,488,30,2026-09-28
INV002189,P222,WH10,55,9,2026-09-28
INV002190,P222,WH11,477,200,2026-09-25
INV002191,P222,WH13,392,178,2026-09-27
INV002192,P222,WH14,262,247,2026-09-24
INV002193,P222,WH15,375,29,2026-09-25
INV002194,P223,WH01,71,108,2026-09-25
INV002195,P223,WH02,1684,23,2026-09-24
INV002196,P223,WH04,712,222,2026-09-25
INV002197,P223,WH06,889,296,2026-09-27
INV002198,P223,WH07,531,229,2026-09-25
INV002199,P223,WH08,148,3,2026-09-26
INV002200,P223,WH09,1801,140,2026-09-27
INV002201,P223,WH11,1091,28,2026-09-27
INV002202,P223,WH13,627,187,2026-09-24
INV002203,P223,WH14,920,287,2026-09-28
INV002204,P224,WH01,836,105,2026-09-27
INV002205,P224,WH03,516,56,2026-09-28
INV002206,P224,WH05,1192,42,2026-09-26
INV002207,P224,WH06,971,235,2026-09-28
INV002208,P224,WH08,753,295,2026-09-24
INV002209,P224,WH10,129,56,2026-09-26
INV002210,P224,WH12,811,97,2026-09-27
INV002211,P224,WH14,998,46,2026-09-25
INV002212,P224,WH15,238,196,2026-09-24
INV002213,P225,WH01,230,161,2026-09-27
INV002214,P225,WH04,326,232,2026-09-27
INV002215,P225,WH05,35,182,2026-09-28
INV002216,P225,WH07,198,252,2026-09-28
INV002217,P225,WH08,260,85,2026-09-24
INV002218,P225,WH10,503,158,2026-09-24
INV002219,P225,WH11,404,150,2026-09-26
INV002220,P225,WH12,144,226,2026-09-26
INV002221,P225,WH14,481,282,2026-09-25
INV002222,P226,WH02,835,46,2026-09-26
INV002223,P226,WH03,1035,158,2026-09-26
INV002224,P226,WH04,1390,21,2026-09-28
INV002225,P226,WH05,1352,293,2026-09-25
INV002226,P226,WH07,1353,42,2026-09-28
INV002227,P226,WH08,798,234,2026-09-27
INV002228,P226,WH10,209,139,2026-09-25
INV002229,P226,WH12,826,80,2026-09-25
INV002230,P226,WH14,1234,168,2026-09-27
INV002231,P227,WH01,646,54,2026-09-27
INV002232,P227,WH03,1780,69,2026-09-28
INV002233,P227,WH04,990,299,2026-09-25
INV002234,P227,WH05,1709,234,2026-09-28
INV002235,P227,WH07,291,67,2026-09-26
INV002236,P227,WH08,563,51,2026-09-25
INV002237,P227,WH11,477,65,2026-09-28
INV002238,P227,WH12,1180,211,2026-09-25
INV002239,P227,WH13,644,204,2026-09-27
INV002240,P227,WH14,729,81,2026-09-28
INV002241,P228,WH02,33,221,2026-09-27
INV002242,P228,WH03,32,67,2026-09-25
INV002243,P228,WH05,172,40,2026-09-28
INV002244,P228,WH08,392,252,2026-09-24
INV002245,P228,WH09,95,196,2026-09-27
INV002246,P228,WH13,442,96,2026-09-24
INV002247,P228,WH14,264,237,2026-09-26
INV002248,P228,WH15,505,127,2026-09-25
INV002249,P229,WH01,1035,194,2026-09-26
INV002250,P229,WH02,727,3,2026-09-28
INV002251,P229,WH03,232,57,2026-09-25
INV002252,P229,WH04,385,44,2026-09-26
INV002253,P229,WH07,109,23,2026-09-26
INV002254,P229,WH09,315,30,2026-09-25
INV002255,P229,WH11,1059,145,2026-09-28
INV002256,P229,WH12,814,183,2026-09-26
INV002257,P229,WH14,1084,175,2026-09-25
INV002258,P229,WH15,834,270,2026-09-27
INV002259,P230,WH03,879,39,2026-09-24
INV002260,P230,WH05,184,178,2026-09-27
INV002261,P230,WH06,819,116,2026-09-28
INV002262,P230,WH11,398,62,2026-09-25
INV002263,P230,WH15,586,127,2026-09-28
INV002264,P231,WH01,272,131,2026-09-26
INV002265,P231,WH02,108,142,2026-09-26
INV002266,P231,WH03,322,135,2026-09-25
INV002267,P231,WH07,13,78,2026-09-27
INV002268,P231,WH09,32,40,2026-09-28
INV002269,P231,WH10,288,257,2026-09-24
INV002270,P231,WH11,121,72,2026-09-27
INV002271,P231,WH13,289,147,2026-09-28
INV002272,P231,WH14,211,215,2026-09-27
INV002273,P232,WH02,1420,121,2026-09-25
INV002274,P232,WH05,782,49,2026-09-27
INV002275,P232,WH08,342,85,2026-09-26
INV002276,P232,WH09,444,220,2026-09-28
INV002277,P232,WH10,1510,79,2026-09-25
INV002278,P232,WH13,659,250,2026-09-25
INV002279,P232,WH14,195,21,2026-09-28
INV002280,P232,WH15,98,101,2026-09-25
INV002281,P233,WH01,740,223,2026-09-27
INV002282,P233,WH04,204,156,2026-09-24
INV002283,P233,WH05,167,204,2026-09-26
INV002284,P233,WH06,712,154,2026-09-24
INV002285,P233,WH08,146,250,2026-09-24
INV002286,P233,WH09,473,77,2026-09-25
INV002287,P233,WH11,850,54,2026-09-25
INV002288,P233,WH12,318,47,2026-09-28
INV002289,P233,WH14,118,33,2026-09-28
INV002290,P234,WH02,641,25,2026-09-24
INV002291,P234,WH08,350,65,2026-09-27
INV002292,P234,WH09,197,77,2026-09-26
INV002293,P234,WH10,673,276,2026-09-25
INV002294,P234,WH12,558,55,2026-09-24
INV002295,P234,WH13,104,225,2026-09-28
INV002296,P234,WH14,32,41,2026-09-28
INV002297,P234,WH15,751,251,2026-09-27
INV002298,P235,WH02,528,45,2026-09-25
INV002299,P235,WH03,996,228,2026-09-26
INV002300,P235,WH04,1519,89,2026-09-27
INV002301,P235,WH06,290,112,2026-09-26
INV002302,P235,WH07,289,277,2026-09-25
INV002303,P235,WH08,1105,269,2026-09-28
INV002304,P235,WH09,881,239,2026-09-28
INV002305,P235,WH11,583,87,2026-09-28
INV002306,P235,WH14,1547,247,2026-09-26
INV002307,P236,WH01,462,17,2026-09-25
INV002308,P236,WH02,676,247,2026-09-27
INV002309,P236,WH03,398,178,2026-09-27
INV002310,P236,WH04,246,16,2026-09-28
INV002311,P236,WH05,655,288,2026-09-26
INV002312,P236,WH06,121,165,2026-09-28
INV002313,P236,WH07,772,58,2026-09-25
INV002314,P236,WH08,310,33,2026-09-27
INV002315,P236,WH09,308,125,2026-09-27
INV002316,P236,WH12,159,81,2026-09-24
INV002317,P236,WH13,376,44,2026-09-26
INV002318,P236,WH14,780,265,2026-09-28
INV002319,P236,WH15,186,123,2026-09-24
INV002320,P237,WH01,596,62,2026-09-24
INV002321,P237,WH02,835,65,2026-09-27
INV002322,P237,WH04,715,156,2026-09-25
INV002323,P237,WH05,318,175,2026-09-25
INV002324,P237,WH08,134,287,2026-09-26
INV002325,P237,WH09,1189,163,2026-09-27
INV002326,P237,WH12,872,34,2026-09-28
INV002327,P237,WH13,554,286,2026-09-25
INV002328,P237,WH15,298,293,2026-09-27
INV002329,P238,WH01,512,262,2026-09-24
INV002330,P238,WH02,919,81,2026-09-28
INV002331,P238,WH05,595,243,2026-09-25
INV002332,P238,WH07,1003,298,2026-09-28
INV002333,P238,WH09,402,183,2026-09-28
INV002334,P238,WH10,903,64,2026-09-26
INV002335,P238,WH12,371,132,2026-09-26
INV002336,P238,WH13,830,135,2026-09-24
INV002337,P238,WH14,351,197,2026-09-25
INV002338,P238,WH15,58,50,2026-09-27
INV002339,P239,WH01,244,5,2026-09-25
INV002340,P239,WH02,112,158,2026-09-27
INV002341,P239,WH04,161,254,2026-09-25
INV002342,P239,WH05,152,212,2026-09-24
INV002343,P239,WH07,361,1,2026-09-28
INV002344,P239,WH09,22,71,2026-09-26
INV002345,P239,WH11,86,150,2026-09-24
INV002346,P239,WH13,356,212,2026-09-28
INV002347,P239,WH14,61,218,2026-09-28
INV002348,P239,WH15,33,276,2026-09-27
INV002349,P240,WH03,519,7,2026-09-24
INV002350,P240,WH04,83,33,2026-09-27
INV002351,P240,WH08,48,292,2026-09-28
INV002352,P240,WH10,11,206,2026-09-24
INV002353,P240,WH12,202,169,2026-09-25
INV002354,P240,WH14,1074,191,2026-09-24
INV002355,P240,WH15,463,293,2026-09-26
INV002356,P241,WH04,3,12,2026-09-27
INV002357,P241,WH05,233,91,2026-09-27
INV002358,P241,WH06,90,12,2026-09-25
INV002359,P241,WH07,406,190,2026-09-24
INV002360,P241,WH08,586,286,2026-09-24
INV002361,P241,WH09,589,53,2026-09-26
INV002362,P241,WH11,848,122,2026-09-24
INV002363,P241,WH12,38,176,2026-09-27
INV002364,P241,WH13,751,82,2026-09-25
INV002365,P241,WH14,177,292,2026-09-27
INV002366,P241,WH15,558,168,2026-09-24
INV002367,P242,WH02,1004,54,2026-09-26
INV002368,P242,WH04,951,196,2026-09-24
INV002369,P242,WH06,197,145,2026-09-25
INV002370,P242,WH07,4,102,2026-09-24
INV002371,P242,WH09,224,106,2026-09-28
INV002372,P242,WH10,1056,299,2026-09-28
INV002373,P242,WH11,384,138,2026-09-27
INV002374,P242,WH12,234,232,2026-09-25
INV002375,P242,WH13,451,272,2026-09-24
INV002376,P242,WH14,259,157,2026-09-28
INV002377,P242,WH15,677,156,2026-09-27
INV002378,P243,WH01,1303,61,2026-09-25
INV002379,P243,WH02,90,165,2026-09-28
INV002380,P243,WH03,233,169,2026-09-25
INV002381,P243,WH04,908,54,2026-09-25
INV002382,P243,WH05,889,298,2026-09-24
INV002383,P243,WH06,1204,19,2026-09-24
INV002384,P243,WH07,519,27,2026-09-28
INV002385,P243,WH10,973,228,2026-09-27
INV002386,P243,WH11,2,105,2026-09-27
INV002387,P243,WH12,244,37,2026-09-24
INV002388,P243,WH13,731,177,2026-09-26
INV002389,P243,WH14,433,15,2026-09-27
INV002390,P243,WH15,763,207,2026-09-26
INV002391,P244,WH01,458,252,2026-09-27
INV002392,P244,WH04,351,141,2026-09-28
INV002393,P244,WH05,131,56,2026-09-26
INV002394,P244,WH07,1105,286,2026-09-24
INV002395,P244,WH09,85,170,2026-09-26
INV002396,P244,WH12,408,55,2026-09-28
INV002397,P244,WH13,656,247,2026-09-26
INV002398,P244,WH15,993,44,2026-09-24
INV002399,P245,WH02,152,277,2026-09-28
INV002400,P245,WH03,251,199,2026-09-24
INV002401,P245,WH04,342,294,2026-09-25
INV002402,P245,WH06,187,123,2026-09-25
INV002403,P245,WH07,217,13,2026-09-26
INV002404,P245,WH09,541,279,2026-09-27
INV002405,P245,WH13,80,44,2026-09-25
INV002406,P246,WH01,334,174,2026-09-26
INV002407,P246,WH03,667,88,2026-09-27
INV002408,P246,WH04,186,104,2026-09-28
INV002409,P246,WH05,1471,97,2026-09-25
INV002410,P246,WH07,1888,6,2026-09-25
INV002411,P246,WH10,643,51,2026-09-25
INV002412,P246,WH12,1062,207,2026-09-26
INV002413,P246,WH15,1223,70,2026-09-26
INV002414,P247,WH03,528,70,2026-09-26
INV002415,P247,WH04,995,0,2026-09-27
INV002416,P247,WH05,1760,218,2026-09-27
INV002417,P247,WH06,936,64,2026-09-26
INV002418,P247,WH08,1148,162,2026-09-24
INV002419,P247,WH10,554,137,2026-09-28
INV002420,P247,WH11,906,30,2026-09-28
INV002421,P247,WH12,1608,169,2026-09-25
INV002422,P247,WH13,1035,134,2026-09-25
INV002423,P247,WH14,894,88,2026-09-27
INV002424,P248,WH01,412,152,2026-09-24
INV002425,P248,WH02,985,256,2026-09-27
INV002426,P248,WH03,472,249,2026-09-28
INV002427,P248,WH04,900,169,2026-09-26
INV002428,P248,WH05,261,129,2026-09-26
INV002429,P248,WH07,1149,193,2026-09-28
INV002430,P248,WH09,1321,261,2026-09-27
INV002431,P248,WH10,505,106,2026-09-27
INV002432,P248,WH11,823,49,2026-09-24
INV002433,P248,WH13,1129,74,2026-09-28
INV002434,P248,WH14,606,170,2026-09-24
INV002435,P249,WH01,865,25,2026-09-28
INV002436,P249,WH03,505,92,2026-09-25
INV002437,P249,WH04,709,52,2026-09-28
INV002438,P249,WH05,261,266,2026-09-28
INV002439,P249,WH06,621,144,2026-09-28
INV002440,P249,WH07,1118,197,2026-09-27
INV002441,P249,WH08,301,103,2026-09-25
INV002442,P249,WH10,951,36,2026-09-27
INV002443,P249,WH11,159,275,2026-09-26
INV002444,P249,WH12,1086,263,2026-09-25
INV002445,P249,WH14,947,206,2026-09-24
INV002446,P250,WH01,1097,78,2026-09-27
INV002447,P250,WH02,1325,87,2026-09-26
INV002448,P250,WH03,1360,100,2026-09-25
INV002449,P250,WH05,536,224,2026-09-24
INV002450,P250,WH07,1259,116,2026-09-26
INV002451,P250,WH09,1112,178,2026-09-24
INV002452,P250,WH10,596,249,2026-09-28
INV002453,P250,WH11,1404,84,2026-09-24
INV002454,P250,WH12,511,225,2026-09-25
INV002455,P250,WH13,751,253,2026-09-27
INV002456,P250,WH14,220,178,2026-09-27
INV002457,P250,WH15,667,8,2026-09-28
INV002458,P251,WH02,862,208,2026-09-28
INV002459,P251,WH03,93,234,2026-09-24
INV002460,P251,WH04,681,71,2026-09-26
INV002461,P251,WH06,264,133,2026-09-25
INV002462,P251,WH07,925,28,2026-09-27
INV002463,P251,WH09,654,49,2026-09-28
INV002464,P251,WH10,927,165,2026-09-25
INV002465,P251,WH11,591,148,2026-09-24
INV002466,P251,WH14,548,140,2026-09-24
INV002467,P251,WH15,269,123,2026-09-27
INV002468,P252,WH01,1005,167,2026-09-24
INV002469,P252,WH03,642,24,2026-09-24
INV002470,P252,WH04,461,90,2026-09-26
INV002471,P252,WH05,439,239,2026-09-24
INV002472,P252,WH06,549,262,2026-09-28
INV002473,P252,WH08,795,174,2026-09-26
INV002474,P252,WH10,406,161,2026-09-24
INV002475,P252,WH11,941,119,2026-09-28
INV002476,P252,WH13,603,19,2026-09-27
INV002477,P252,WH14,652,121,2026-09-26
INV002478,P252,WH15,534,285,2026-09-24
INV002479,P253,WH01,45,280,2026-09-26
INV002480,P253,WH02,1194,94,2026-09-26
INV002481,P253,WH05,203,61,2026-09-25
INV002482,P253,WH06,32,283,2026-09-28
INV002483,P253,WH07,362,70,2026-09-26
INV002484,P253,WH10,628,166,2026-09-27
INV002485,P253,WH11,1437,56,2026-09-28
INV002486,P253,WH12,752,5,2026-09-28
INV002487,P253,WH13,1046,68,2026-09-26
INV002488,P253,WH14,1359,97,2026-09-28
INV002489,P253,WH15,1142,32,2026-09-26
INV002490,P254,WH01,40,144,2026-09-27
INV002491,P254,WH03,542,122,2026-09-26
INV002492,P254,WH04,1066,299,2026-09-28
INV002493,P254,WH05,171,198,2026-09-25
INV002494,P254,WH08,732,206,2026-09-26
INV002495,P254,WH09,770,167,2026-09-25
INV002496,P254,WH10,859,192,2026-09-26
INV002497,P254,WH12,288,0,2026-09-26
INV002498,P254,WH13,1161,108,2026-09-27
INV002499,P254,WH14,84,231,2026-09-27
INV002500,P254,WH15,821,141,2026-09-24
INV002501,P255,WH01,480,268,2026-09-24
INV002502,P255,WH02,43,26,2026-09-27
INV002503,P255,WH04,629,266,2026-09-26
INV002504,P255,WH05,1588,254,2026-09-24
INV002505,P255,WH06,1332,53,2026-09-26
INV002506,P255,WH08,1340,147,2026-09-28
INV002507,P255,WH10,1065,25,2026-09-24
INV002508,P255,WH11,382,38,2026-09-24
INV002509,P255,WH14,801,33,2026-09-26
INV002510,P255,WH15,1648,238,2026-09-26
INV002511,P256,WH01,1333,36,2026-09-28
INV002512,P256,WH02,945,236,2026-09-27
INV002513,P256,WH03,788,224,2026-09-27
INV002514,P256,WH04,1607,286,2026-09-24
INV002515,P256,WH06,359,102,2026-09-27
INV002516,P256,WH10,1543,248,2026-09-28
INV002517,P256,WH12,137,197,2026-09-25
INV002518,P256,WH13,541,297,2026-09-25
INV002519,P256,WH15,133,83,2026-09-27
INV002520,P257,WH01,326,172,2026-09-27
INV002521,P257,WH03,787,4,2026-09-26
INV002522,P257,WH04,1657,237,2026-09-26
INV002523,P257,WH05,1004,227,2026-09-28
INV002524,P257,WH06,1380,230,2026-09-24
INV002525,P257,WH09,964,237,2026-09-25
INV002526,P257,WH11,601,84,2026-09-27
INV002527,P257,WH12,1201,25,2026-09-25
INV002528,P257,WH14,428,188,2026-09-25
INV002529,P258,WH03,779,242,2026-09-24
INV002530,P258,WH04,828,142,2026-09-25
INV002531,P258,WH05,339,81,2026-09-27
INV002532,P258,WH06,690,2,2026-09-27
INV002533,P258,WH07,505,76,2026-09-27
INV002534,P258,WH08,559,36,2026-09-28
INV002535,P258,WH09,834,119,2026-09-26
INV002536,P258,WH10,420,22,2026-09-28
INV002537,P258,WH11,341,41,2026-09-25
INV002538,P258,WH13,535,288,2026-09-24
INV002539,P258,WH14,632,38,2026-09-26
INV002540,P258,WH15,138,127,2026-09-28
INV002541,P259,WH02,709,43,2026-09-28
INV002542,P259,WH03,1314,28,2026-09-27
INV002543,P259,WH05,1169,157,2026-09-26
INV002544,P259,WH06,396,91,2026-09-24
INV002545,P259,WH10,825,138,2026-09-25
INV002546,P259,WH11,858,264,2026-09-26
INV002547,P259,WH12,688,103,2026-09-25
INV002548,P259,WH14,622,196,2026-09-28
INV002549,P259,WH15,1226,200,2026-09-28
INV002550,P260,WH01,1340,229,2026-09-24
INV002551,P260,WH02,1827,165,2026-09-25
INV002552,P260,WH03,240,288,2026-09-28
INV002553,P260,WH04,1596,185,2026-09-24
INV002554,P260,WH05,739,276,2026-09-28
INV002555,P260,WH07,1665,41,2026-09-26
INV002556,P260,WH09,1465,241,2026-09-25
INV002557,P260,WH11,339,14,2026-09-27
INV002558,P260,WH12,1094,55,2026-09-28
INV002559,P260,WH13,1631,177,2026-09-27
INV002560,P260,WH15,1923,184,2026-09-28
INV002561,P261,WH03,704,45,2026-09-27
INV002562,P261,WH04,172,71,2026-09-24
INV002563,P261,WH05,349,159,2026-09-24
INV002564,P261,WH12,328,193,2026-09-27
INV002565,P261,WH13,472,280,2026-09-28
INV002566,P262,WH04,356,163,2026-09-25
INV002567,P262,WH07,1047,99,2026-09-28
INV002568,P262,WH08,197,252,2026-09-27
INV002569,P262,WH09,1677,113,2026-09-28
INV002570,P262,WH10,208,30,2026-09-28
INV002571,P262,WH11,330,108,2026-09-24
INV002572,P262,WH12,1600,149,2026-09-27
INV002573,P262,WH14,156,195,2026-09-26
INV002574,P263,WH02,820,150,2026-09-24
INV002575,P263,WH05,1062,79,2026-09-27
INV002576,P263,WH07,1327,44,2026-09-24
INV002577,P263,WH08,482,65,2026-09-26
INV002578,P263,WH09,903,4,2026-09-28
INV002579,P263,WH10,576,244,2026-09-24
INV002580,P263,WH11,789,230,2026-09-27
INV002581,P263,WH12,720,40,2026-09-28
INV002582,P263,WH13,861,22,2026-09-28
INV002583,P263,WH14,107,57,2026-09-24
INV002584,P263,WH15,898,115,2026-09-25
INV002585,P264,WH01,138,254,2026-09-26
INV002586,P264,WH03,610,231,2026-09-24
INV002587,P264,WH04,293,226,2026-09-24
INV002588,P264,WH06,495,63,2026-09-26
INV002589,P264,WH07,215,279,2026-09-28
INV002590,P264,WH08,367,36,2026-09-27
INV002591,P264,WH09,116,240,2026-09-24
INV002592,P264,WH10,115,136,2026-09-25
INV002593,P264,WH11,12,162,2026-09-24
INV002594,P264,WH12,260,290,2026-09-25
INV002595,P264,WH14,604,206,2026-09-24
INV002596,P265,WH02,573,234,2026-09-27
INV002597,P265,WH03,471,245,2026-09-28
INV002598,P265,WH05,353,162,2026-09-27
INV002599,P265,WH06,664,18,2026-09-24
INV002600,P265,WH07,1252,111,2026-09-25
INV002601,P265,WH08,1273,218,2026-09-25
INV002602,P265,WH09,1241,83,2026-09-28
INV002603,P265,WH10,819,140,2026-09-25
INV002604,P265,WH11,595,18,2026-09-25
INV002605,P265,WH12,660,211,2026-09-26
INV002606,P265,WH13,966,190,2026-09-25
INV002607,P265,WH14,266,46,2026-09-25
INV002608,P266,WH01,239,226,2026-09-24
INV002609,P266,WH03,1215,4,2026-09-28
INV002610,P266,WH04,1006,20,2026-09-26
INV002611,P266,WH05,438,261,2026-09-28
INV002612,P266,WH06,1093,9,2026-09-25
INV002613,P266,WH10,828,23,2026-09-27
INV002614,P266,WH11,445,262,2026-09-27
INV002615,P266,WH12,612,137,2026-09-24
INV002616,P266,WH13,886,126,2026-09-28
INV002617,P266,WH14,1148,29,2026-09-28
INV002618,P266,WH15,1079,217,2026-09-26
INV002619,P267,WH01,1092,230,2026-09-24
INV002620,P267,WH03,563,259,2026-09-24
INV002621,P267,WH04,63,287,2026-09-27
INV002622,P267,WH06,146,24,2026-09-28
INV002623,P267,WH07,600,210,2026-09-24
INV002624,P267,WH08,637,156,2026-09-26
INV002625,P267,WH09,10,0,2026-09-28
INV002626,P267,WH10,867,61,2026-09-24
INV002627,P267,WH14,627,52,2026-09-24
INV002628,P268,WH02,1337,29,2026-09-28
INV002629,P268,WH04,1754,29,2026-09-24
INV002630,P268,WH05,1457,245,2026-09-24
INV002631,P268,WH06,1674,45,2026-09-28
INV002632,P268,WH07,1459,142,2026-09-24
INV002633,P268,WH09,1672,18,2026-09-24
INV002634,P268,WH10,881,126,2026-09-28
INV002635,P268,WH11,340,61,2026-09-28
INV002636,P268,WH12,1406,170,2026-09-24
INV002637,P268,WH13,1214,200,2026-09-26
INV002638,P268,WH15,1515,233,2026-09-27
INV002639,P269,WH02,96,19,2026-09-25
INV002640,P269,WH05,221,211,2026-09-28
INV002641,P269,WH06,37,54,2026-09-26
INV002642,P269,WH08,81,61,2026-09-27
INV002643,P269,WH09,174,196,2026-09-26
INV002644,P269,WH12,21,263,2026-09-28
INV002645,P269,WH13,9,188,2026-09-26
INV002646,P270,WH01,689,89,2026-09-28
INV002647,P270,WH02,245,34,2026-09-27
INV002648,P270,WH03,1783,173,2026-09-24
INV002649,P270,WH04,848,97,2026-09-28
INV002650,P270,WH05,1753,296,2026-09-28
INV002651,P270,WH06,785,55,2026-09-27
INV002652,P270,WH07,846,81,2026-09-27
INV002653,P270,WH08,794,294,2026-09-27
INV002654,P270,WH15,858,296,2026-09-25
INV002655,P271,WH06,1702,247,2026-09-24
INV002656,P271,WH08,65,280,2026-09-26
INV002657,P271,WH09,274,248,2026-09-24
INV002658,P271,WH11,674,91,2026-09-28
INV002659,P271,WH13,1162,151,2026-09-26
INV002660,P271,WH15,1424,15,2026-09-28
INV002661,P272,WH01,121,236,2026-09-26
INV002662,P272,WH02,78,183,2026-09-24
INV002663,P272,WH03,1071,239,2026-09-25
INV002664,P272,WH04,1184,188,2026-09-25
INV002665,P272,WH05,1873,59,2026-09-24
INV002666,P272,WH06,1298,29,2026-09-27
INV002667,P272,WH09,1056,26,2026-09-24
INV002668,P272,WH11,1659,275,2026-09-27
INV002669,P272,WH13,1266,102,2026-09-27
INV002670,P272,WH14,281,249,2026-09-27
INV002671,P272,WH15,1727,148,2026-09-26
INV002672,P273,WH03,351,291,2026-09-27
INV002673,P273,WH04,144,34,2026-09-25
INV002674,P273,WH08,29,295,2026-09-27
INV002675,P273,WH09,672,175,2026-09-27
INV002676,P273,WH12,640,117,2026-09-26
INV002677,P273,WH15,158,24,2026-09-26
INV002678,P274,WH01,492,22,2026-09-26
INV002679,P274,WH02,998,62,2026-09-27
INV002680,P274,WH05,85,214,2026-09-27
INV002681,P274,WH07,413,135,2026-09-25
INV002682,P274,WH09,626,9,2026-09-26
INV002683,P274,WH11,1114,189,2026-09-24
INV002684,P274,WH13,276,118,2026-09-28
INV002685,P274,WH14,563,286,2026-09-26
INV002686,P275,WH03,530,104,2026-09-27
INV002687,P275,WH04,884,135,2026-09-26
INV002688,P275,WH06,522,232,2026-09-28
INV002689,P275,WH07,256,260,2026-09-27
INV002690,P275,WH08,640,55,2026-09-27
INV002691,P275,WH09,378,157,2026-09-26
INV002692,P275,WH10,699,92,2026-09-28
INV002693,P275,WH13,435,149,2026-09-26
INV002694,P275,WH15,771,18,2026-09-26
INV002695,P276,WH02,115,295,2026-09-24
INV002696,P276,WH04,142,282,2026-09-26
INV002697,P276,WH06,259,295,2026-09-26
INV002698,P276,WH07,169,144,2026-09-28
INV002699,P276,WH08,323,233,2026-09-27
INV002700,P276,WH10,456,26,2026-09-25
INV002701,P276,WH13,374,250,2026-09-24
INV002702,P276,WH15,765,46,2026-09-27
INV002703,P277,WH01,472,230,2026-09-24
INV002704,P277,WH03,894,212,2026-09-27
INV002705,P277,WH07,1540,75,2026-09-27
INV002706,P277,WH09,1547,103,2026-09-27
INV002707,P277,WH11,898,99,2026-09-27
INV002708,P277,WH13,1529,233,2026-09-28
INV002709,P277,WH15,321,81,2026-09-26
INV002710,P278,WH02,304,230,2026-09-25
INV002711,P278,WH03,450,100,2026-09-24
INV002712,P278,WH04,470,163,2026-09-27
INV002713,P278,WH05,212,209,2026-09-26
INV002714,P278,WH09,563,252,2026-09-25
INV002715,P278,WH10,306,41,2026-09-26
INV002716,P278,WH11,316,194,2026-09-27
INV002717,P278,WH12,501,32,2026-09-25
INV002718,P278,WH13,21,55,2026-09-25
INV002719,P278,WH14,499,157,2026-09-28
INV002720,P279,WH01,244,50,2026-09-27
INV002721,P279,WH04,257,57,2026-09-24
INV002722,P279,WH06,93,39,2026-09-27
INV002723,P279,WH07,199,298,2026-09-28
INV002724,P279,WH08,177,274,2026-09-26
INV002725,P279,WH09,146,80,2026-09-28
INV002726,P279,WH10,16,165,2026-09-27
INV002727,P279,WH11,41,279,2026-09-24
INV002728,P279,WH12,106,184,2026-09-28
INV002729,P279,WH13,77,274,2026-09-24
INV002730,P279,WH14,161,279,2026-09-24
INV002731,P280,WH01,186,203,2026-09-26
INV002732,P280,WH02,72,266,2026-09-24
INV002733,P280,WH03,1035,178,2026-09-24
INV002734,P280,WH04,131,130,2026-09-26
INV002735,P280,WH05,122,297,2026-09-27
INV002736,P280,WH06,612,161,2026-09-26
INV002737,P280,WH08,708,217,2026-09-28
INV002738,P280,WH09,1027,5,2026-09-26
INV002739,P280,WH11,533,294,2026-09-28
INV002740,P280,WH12,999,260,2026-09-26
INV002741,P280,WH13,971,221,2026-09-27
INV002742,P280,WH14,557,257,2026-09-24
INV002743,P281,WH02,200,232,2026-09-25
INV002744,P281,WH03,39,277,2026-09-26
INV002745,P281,WH04,283,202,2026-09-27
INV002746,P281,WH06,84,121,2026-09-25
INV002747,P281,WH10,32,167,2026-09-27
INV002748,P281,WH14,218,150,2026-09-27
INV002749,P281,WH15,199,134,2026-09-27
INV002750,P282,WH01,887,100,2026-09-28
INV002751,P282,WH02,473,118,2026-09-28
INV002752,P282,WH03,1177,189,2026-09-24
INV002753,P282,WH04,882,243,2026-09-26
INV002754,P282,WH06,710,228,2026-09-28
INV002755,P282,WH07,381,107,2026-09-27
INV002756,P282,WH08,1356,235,2026-09-27
INV002757,P282,WH10,678,250,2026-09-25
INV002758,P282,WH12,796,258,2026-09-26
INV002759,P282,WH14,1432,85,2026-09-26
INV002760,P282,WH15,1173,219,2026-09-28
INV002761,P283,WH02,124,125,2026-09-28
INV002762,P283,WH03,385,221,2026-09-25
INV002763,P283,WH04,22,279,2026-09-25
INV002764,P283,WH05,820,60,2026-09-26
INV002765,P283,WH06,420,266,2026-09-26
INV002766,P283,WH07,949,276,2026-09-25
INV002767,P283,WH08,93,237,2026-09-28
INV002768,P283,WH09,538,48,2026-09-28
INV002769,P283,WH10,137,48,2026-09-28
INV002770,P283,WH11,717,242,2026-09-26
INV002771,P283,WH12,32,20,2026-09-27
INV002772,P283,WH13,741,181,2026-09-27
INV002773,P283,WH14,782,109,2026-09-25
INV002774,P283,WH15,740,272,2026-09-24
INV002775,P284,WH01,666,79,2026-09-24
INV002776,P284,WH02,166,129,2026-09-28
INV002777,P284,WH03,731,101,2026-09-28
INV002778,P284,WH07,990,145,2026-09-27
INV002779,P284,WH08,449,41,2026-09-24
INV002780,P284,WH09,574,135,2026-09-27
INV002781,P284,WH10,195,235,2026-09-27
INV002782,P284,WH11,932,266,2026-09-24
INV002783,P284,WH12,505,150,2026-09-25
INV002784,P284,WH14,501,232,2026-09-26
INV002785,P284,WH15,535,180,2026-09-24
INV002786,P285,WH01,281,48,2026-09-28
INV002787,P285,WH02,736,61,2026-09-25
INV002788,P285,WH04,465,297,2026-09-27
INV002789,P285,WH06,1072,230,2026-09-25
INV002790,P285,WH09,321,119,2026-09-25
INV002791,P285,WH11,69,204,2026-09-27
INV002792,P285,WH12,1009,168,2026-09-28
INV002793,P285,WH13,296,77,2026-09-26
INV002794,P285,WH14,274,20,2026-09-28
INV002795,P286,WH01,993,254,2026-09-26
INV002796,P286,WH03,788,81,2026-09-24
INV002797,P286,WH04,885,29,2026-09-24
INV002798,P286,WH05,749,146,2026-09-27
INV002799,P286,WH06,1084,12,2026-09-24
INV002800,P286,WH07,924,115,2026-09-26
INV002801,P286,WH09,612,6,2026-09-28
INV002802,P286,WH10,820,174,2026-09-28
INV002803,P286,WH11,406,148,2026-09-24
INV002804,P286,WH13,1019,141,2026-09-25
INV002805,P286,WH14,767,70,2026-09-26
INV002806,P286,WH15,173,27,2026-09-27
INV002807,P287,WH01,961,8,2026-09-25
INV002808,P287,WH02,1313,279,2026-09-27
INV002809,P287,WH03,38,279,2026-09-26
INV002810,P287,WH04,476,23,2026-09-27
INV002811,P287,WH06,533,35,2026-09-27
INV002812,P287,WH07,1122,40,2026-09-26
INV002813,P287,WH08,314,191,2026-09-26
INV002814,P287,WH09,824,147,2026-09-27
INV002815,P287,WH10,930,8,2026-09-26
INV002816,P287,WH11,259,168,2026-09-24
INV002817,P287,WH13,582,174,2026-09-28
INV002818,P288,WH02,245,248,2026-09-25
INV002819,P288,WH04,677,170,2026-09-28
INV002820,P288,WH05,691,57,2026-09-27
INV002821,P288,WH06,531,257,2026-09-27
INV002822,P288,WH07,1117,273,2026-09-28
INV002823,P288,WH09,31,82,2026-09-27
INV002824,P288,WH14,793,299,2026-09-25
INV002825,P289,WH02,621,255,2026-09-24
INV002826,P289,WH03,444,204,2026-09-27
INV002827,P289,WH04,227,100,2026-09-26
INV002828,P289,WH05,396,147,2026-09-27
INV002829,P289,WH06,41,58,2026-09-26
INV002830,P289,WH08,95,224,2026-09-27
INV002831,P289,WH11,255,157,2026-09-28
INV002832,P289,WH12,155,232,2026-09-26
INV002833,P289,WH13,594,127,2026-09-26
INV002834,P289,WH14,486,293,2026-09-28
INV002835,P289,WH15,214,74,2026-09-27
INV002836,P290,WH03,397,191,2026-09-26
INV002837,P290,WH04,140,146,2026-09-26
INV002838,P290,WH07,64,272,2026-09-26
INV002839,P290,WH09,385,161,2026-09-24
INV002840,P290,WH10,176,121,2026-09-24
INV002841,P290,WH14,34,44,2026-09-27
INV002842,P291,WH02,367,275,2026-09-26
INV002843,P291,WH03,271,112,2026-09-26
INV002844,P291,WH04,10,298,2026-09-26
INV002845,P291,WH05,565,46,2026-09-28
INV002846,P291,WH07,473,81,2026-09-28
INV002847,P291,WH08,116,227,2026-09-25
INV002848,P291,WH11,474,192,2026-09-25
INV002849,P291,WH13,276,190,2026-09-27
INV002850,P291,WH14,365,70,2026-09-28
INV002851,P291,WH15,360,108,2026-09-25
INV002852,P292,WH01,560,122,2026-09-25
INV002853,P292,WH02,1110,280,2026-09-24
INV002854,P292,WH04,618,222,2026-09-25
INV002855,P292,WH08,960,209,2026-09-25
INV002856,P292,WH09,905,270,2026-09-27
INV002857,P292,WH10,451,296,2026-09-26
INV002858,P292,WH11,440,196,2026-09-28
INV002859,P292,WH12,1073,255,2026-09-28
INV002860,P292,WH15,14,51,2026-09-24
INV002861,P293,WH01,72,227,2026-09-26
INV002862,P293,WH04,278,68,2026-09-26
INV002863,P293,WH05,52,292,2026-09-26
INV002864,P293,WH06,292,175,2026-09-25
INV002865,P293,WH07,260,9,2026-09-27
INV002866,P293,WH08,23,211,2026-09-27
INV002867,P293,WH09,1,215,2026-09-24
INV002868,P293,WH10,176,68,2026-09-25
INV002869,P293,WH11,152,193,2026-09-24
INV002870,P293,WH12,239,179,2026-09-24
INV002871,P293,WH13,99,266,2026-09-28
INV002872,P293,WH14,25,252,2026-09-28
INV002873,P294,WH01,5,120,2026-09-28
INV002874,P294,WH02,849,146,2026-09-28
INV002875,P294,WH07,1111,96,2026-09-28
INV002876,P294,WH11,314,139,2026-09-24
INV002877,P294,WH12,1032,87,2026-09-24
INV002878,P294,WH14,456,240,2026-09-26
INV002879,P295,WH01,144,253,2026-09-28
INV002880,P295,WH03,691,85,2026-09-27
INV002881,P295,WH04,704,167,2026-09-24
INV002882,P295,WH05,652,225,2026-09-28
INV002883,P295,WH06,455,106,2026-09-27
INV002884,P295,WH08,668,280,2026-09-26
INV002885,P295,WH09,64,259,2026-09-27
INV002886,P295,WH10,922,178,2026-09-25
INV002887,P295,WH11,56,239,2026-09-28
INV002888,P295,WH13,812,47,2026-09-26
INV002889,P295,WH14,431,102,2026-09-26
INV002890,P295,WH15,412,107,2026-09-26
INV002891,P296,WH01,842,150,2026-09-28
INV002892,P296,WH02,738,6,2026-09-25
INV002893,P296,WH03,144,245,2026-09-27
INV002894,P296,WH04,705,191,2026-09-24
INV002895,P296,WH05,631,250,2026-09-28
INV002896,P296,WH07,59,152,2026-09-28
INV002897,P296,WH09,812,54,2026-09-25
INV002898,P296,WH10,523,216,2026-09-25
INV002899,P296,WH13,292,206,2026-09-26
INV002900,P296,WH14,471,122,2026-09-27
INV002901,P297,WH01,39,17,2026-09-24
INV002902,P297,WH04,1386,198,2026-09-24
INV002903,P297,WH06,707,55,2026-09-27
INV002904,P297,WH10,127,17,2026-09-27
INV002905,P297,WH11,899,1,2026-09-24
INV002906,P297,WH12,1253,160,2026-09-28
INV002907,P297,WH15,760,26,2026-09-25
INV002908,P298,WH02,247,270,2026-09-27
INV002909,P298,WH04,560,124,2026-09-27
INV002910,P298,WH05,699,223,2026-09-25
INV002911,P298,WH06,229,6,2026-09-24
INV002912,P298,WH07,288,30,2026-09-28
INV002913,P298,WH08,756,275,2026-09-24
INV002914,P298,WH11,206,239,2026-09-27
INV002915,P298,WH12,219,154,2026-09-27
INV002916,P298,WH13,425,262,2026-09-26
INV002917,P298,WH15,156,172,2026-09-26
INV002918,P299,WH05,309,165,2026-09-28
INV002919,P299,WH06,311,118,2026-09-28
INV002920,P299,WH07,983,183,2026-09-25
INV002921,P299,WH09,435,38,2026-09-24
INV002922,P299,WH11,511,289,2026-09-26
INV002923,P299,WH13,314,235,2026-09-25
INV002924,P299,WH15,843,220,2026-09-27
INV002925,P300,WH01,1673,92,2026-09-26
INV002926,P300,WH04,821,252,2026-09-24
INV002927,P300,WH06,621,182,2026-09-24
INV002928,P300,WH08,822,139,2026-09-24
INV002929,P300,WH10,50,169,2026-09-28
INV002930,P300,WH13,824,269,2026-09-27
INV002931,P300,WH14,1803,242,2026-09-24
INV002932,P300,WH15,275,7,2026-09-27
